UID,Status,CQ1,CQ2,CQ3,CQ4,CQ5,CQ6,CQ7,CQ8,CQ9,CQ10,CQ11,CQ12,CQ13,CQ14,CQ15,CQ16,CQ17,CQ18,CQ19,CQ20,CQ21,CQ22,CQ23,CQ24,CQ25,CQ26,CQ27,CQ28
10.1016_j.ecoinf.2022.101914.pdf,Complete,No,No,No,No,No,No,No,No,No,No,No,No,No,No,No,No,No,No,No,No,No,Yes,No,No,No,No,No,No
10.1016_j.ecoinf.2022.101757.pdf,Complete,No,Yes,Yes,No,Yes,No,No,Yes,No,Yes,No,Yes,No,No,No,No,No,No,Yes,No,No,No,No,No,Yes,No,No,No
10.1016_j.ecoinf.2023.102150.pdf,Complete,Yes,Yes,No,Yes,No,Yes,No,No,No,No,No,Yes,Yes,No,Yes,No,No,No,Yes,Yes,No,Yes,No,No,Yes,No,No,No
10.1016_j.ecoinf.2021.101384.pdf,Complete,No,No,No,No,No,No,No,No,No,No,No,No,No,No,No,No,No,No,No,No,No,No,No,No,Yes,No,No,No
10.1016_j.ecoinf.2024.102655.pdf,Complete,Yes,No,No,No,No,Yes,No,No,No,No,No,No,No,No,No,No,No,No,No,No,No,Yes,No,No,No,No,No,No
10.1016_j.ecoinf.2024.102496.pdf,Complete,No,No,No,No,No,Yes,No,No,No,No,No,No,No,No,No,No,No,No,No,No,No,No,No,No,No,No,No,No
10.1016_j.ecoinf.2024.102640.pdf,Complete,No,Yes,No,No,Yes,Yes,No,No,No,No,No,Yes,Yes,No,Yes,No,No,No,No,Yes,No,Yes,Yes,No,Yes,Yes,No,No
10.1016_j.ecoinf.2024.102533.pdf,Complete,No,Yes,No,No,No,No,No,No,No,No,No,No,No,No,No,No,No,No,No,No,No,No,No,No,Yes,No,No,No
10.1016_j.ecoinf.2024.102700.pdf,Complete,No,No,No,No,No,No,No,No,No,No,No,No,No,No,No,No,No,No,No,No,No,No,No,No,No,No,No,No
10.1016_j.ecoinf.2023.102155.pdf,Complete,No,No,No,No,No,No,No,No,No,No,No,No,No,No,No,No,Yes,No,No,No,No,No,No,No,No,No,No,No
10.1016_j.ecoinf.2023.102252.pdf,Complete,No,No,No,No,No,No,No,No,No,No,No,No,No,Yes,No,No,No,No,No,No,No,No,No,No,No,No,No,No
10.1016_j.ecoinf.2024.102554.pdf,Complete,Yes,Yes,No,No,No,No,No,No,No,No,No,No,No,No,No,No,No,No,No,No,No,No,No,No,No,No,No,No
10.1016_j.ecoinf.2023.102258.pdf,Complete,No,Yes,No,No,Yes,No,No,No,No,No,No,No,No,No,No,No,No,No,No,Yes,Yes,Yes,No,No,Yes,No,No,No
10.1016_j.ecoinf.2024.102630.pdf,Complete,No,No,No,No,No,Yes,No,No,No,No,No,No,No,No,No,No,No,No,No,No,No,No,No,No,No,No,No,No
10.1016_j.ecoinf.2024.102518.pdf,Complete,No,No,No,No,No,Yes,No,No,No,No,No,No,No,No,No,No,No,No,No,No,No,No,Yes,No,No,No,No,No
10.1016_j.ecoinf.2024.102574.pdf,Complete,No,Yes,No,No,No,Yes,No,No,No,No,No,No,No,No,No,No,No,No,No,No,No,No,No,No,Yes,No,No,No
10.1016_j.ecoinf.2024.102555.pdf,Complete,No,Yes,No,No,No,No,No,No,No,No,No,No,No,No,No,No,No,No,No,No,No,No,No,No,Yes,No,No,No
10.1016_j.ecoinf.2022.101557.pdf,Complete,No,Yes,No,No,Yes,No,Yes,No,No,No,No,Yes,Yes,No,Yes,No,Yes,No,No,No,No,Yes,Yes,Yes,No,No,No,No
10.1016_j.ecoinf.2022.101910.pdf,Complete,Yes,Yes,No,No,No,Yes,No,No,No,No,No,No,No,No,No,No,No,No,No,No,No,Yes,No,No,Yes,No,No,No
10.1016_j.ecoinf.2024.102472.pdf,Complete,No,Yes,No,No,No,Yes,No,No,No,No,No,No,Yes,Yes,No,Yes,No,No,No,No,No,Yes,No,Yes,Yes,No,No,No
10.1016_j.ecoinf.2022.101609.pdf,Complete,No,Yes,No,No,No,Yes,Yes,No,No,No,No,No,Yes,Yes,Yes,Yes,No,No,No,Yes,No,Yes,No,No,Yes,No,No,Yes
10.1016_j.ecoinf.2024.102579.pdf,Complete,No,No,No,No,No,No,No,No,No,No,No,No,No,No,No,No,No,No,No,No,No,No,No,No,No,No,No,No
10.1016_j.ecoinf.2024.102495.pdf,Complete,No,Yes,No,No,No,Yes,No,No,No,No,No,Yes,Yes,No,Yes,No,Yes,No,Yes,No,Yes,Yes,Yes,Yes,Yes,No,No,No
10.1016_j.ecoinf.2023.102451.pdf,Complete,Yes,Yes,No,No,Yes,Yes,No,No,No,No,No,Yes,No,No,Yes,No,No,No,Yes,No,No,Yes,No,No,Yes,Yes,No,No
10.1016_j.ecoinf.2022.101893.pdf,Complete,No,Yes,No,No,No,No,Yes,No,No,No,No,Yes,No,No,No,No,Yes,No,Yes,Yes,No,Yes,No,No,Yes,No,No,No
10.1016_j.ecoinf.2024.102684.pdf,Complete,No,Yes,No,Yes,No,Yes,Yes,No,No,No,No,Yes,Yes,Yes,Yes,No,No,No,Yes,No,No,Yes,Yes,Yes,Yes,No,No,No
10.1016_j.ecoinf.2022.101849.pdf,Complete,No,No,No,No,No,Yes,No,No,No,No,No,Yes,No,No,Yes,No,No,No,No,No,No,No,No,No,No,No,No,No
10.1016_j.ecoinf.2024.102653.pdf,Complete,No,Yes,No,No,No,No,Yes,No,No,Yes,No,Yes,Yes,No,Yes,No,Yes,Yes,No,No,Yes,Yes,Yes,Yes,Yes,No,No,No
10.1016_j.ecoinf.2024.102521.pdf,Complete,Yes,Yes,Yes,No,Yes,No,No,No,No,No,No,Yes,No,No,No,No,No,No,No,No,No,Yes,No,Yes,No,No,Yes,No
10.1016_j.ecoinf.2023.102045.pdf,Complete,No,No,No,No,No,No,No,No,No,No,No,No,No,No,No,No,No,No,No,No,No,No,No,No,No,No,No,No
10.1016_j.ecoinf.2023.102453.pdf,Complete,No,Yes,No,No,Yes,Yes,No,No,No,No,No,Yes,Yes,Yes,No,No,Yes,Yes,Yes,No,No,Yes,No,No,Yes,No,Yes,No
10.1016_j.ecoinf.2022.101909.pdf,Complete,No,Yes,No,No,Yes,No,Yes,No,No,No,No,Yes,No,No,No,Yes,Yes,Yes,No,No,Yes,Yes,No,No,Yes,No,No,No
10.1016_j.ecoinf.2023.102206.pdf,Complete,No,Yes,No,No,No,Yes,No,No,No,No,No,Yes,No,No,No,No,No,No,No,No,No,Yes,No,No,Yes,Yes,No,No
10.1016_j.ecoinf.2024.102740.pdf,Complete,No,Yes,No,No,No,Yes,Yes,No,No,No,No,No,No,No,No,No,No,Yes,No,No,No,No,No,No,Yes,No,No,No
10.1016_j.ecoinf.2022.101899.pdf,Complete,No,Yes,No,No,No,Yes,No,No,No,No,No,No,No,No,No,No,No,No,No,No,No,No,No,No,Yes,No,No,No
10.1016_j.ecoinf.2023.102280.pdf,Complete,No,Yes,No,Yes,No,Yes,No,Yes,Yes,Yes,Yes,Yes,No,No,No,No,No,No,No,No,No,No,No,No,Yes,No,No,No
10.1016_j.ecoinf.2023.102437.pdf,Complete,No,No,No,No,No,Yes,No,No,No,No,No,Yes,No,No,No,No,No,Yes,No,No,No,Yes,No,Yes,Yes,No,No,No
10.1016_j.ecoinf.2021.101495.pdf,Complete,No,Yes,Yes,Yes,Yes,No,No,No,No,No,No,Yes,Yes,Yes,No,No,No,No,Yes,Yes,No,No,No,No,Yes,No,No,No
10.1016_j.ecoinf.2024.102566.pdf,Complete,No,No,No,No,No,No,No,No,No,No,No,No,No,No,No,No,No,No,No,No,No,No,No,No,No,No,No,No
10.1016_j.ecoinf.2024.102548.pdf,Complete,No,No,No,Yes,No,Yes,No,No,No,No,No,Yes,No,No,No,No,No,Yes,No,Yes,No,Yes,No,No,Yes,No,No,No
10.1016_j.ecoinf.2023.102428.pdf,Complete,No,Yes,No,No,No,Yes,No,No,No,No,No,Yes,Yes,No,Yes,No,No,No,No,No,No,Yes,No,No,Yes,No,No,No
10.1016_j.ecoinf.2024.102464.pdf,Complete,No,No,No,No,No,Yes,No,No,No,No,No,No,No,No,No,No,No,No,No,No,No,Yes,No,No,No,No,No,No
10.1016_j.ecoinf.2024.102466.pdf,Complete,Yes,Yes,Yes,No,No,No,No,No,No,No,No,Yes,No,No,No,No,No,Yes,No,No,No,Yes,No,No,Yes,No,No,No
10.1016_j.ecoinf.2024.102479.pdf,Complete,No,No,No,No,No,Yes,No,No,No,No,No,No,No,Yes,No,No,No,Yes,No,No,No,No,Yes,No,No,No,No,No
10.1016_j.ecoinf.2024.102534.pdf,Complete,No,No,No,No,No,No,No,No,No,No,No,No,No,No,No,No,No,No,No,No,Yes,Yes,No,No,No,No,No,No
10.1016_j.ecoinf.2023.102247.pdf,Complete,No,No,No,No,No,No,No,No,No,No,No,No,No,No,No,No,No,Yes,No,No,No,No,No,No,No,No,No,No
10.1016_j.ecoinf.2024.102568.pdf,Complete,Yes,No,No,No,No,Yes,No,No,No,No,No,Yes,Yes,No,Yes,No,Yes,No,No,No,No,Yes,No,No,Yes,No,No,No
10.1016_j.ecoinf.2024.102723.pdf,Complete,No,No,No,No,No,No,No,No,No,No,No,Yes,No,No,Yes,No,Yes,Yes,Yes,No,No,Yes,No,Yes,Yes,No,No,No
10.1016_j.ecoinf.2024.102588.pdf,Complete,No,Yes,No,No,No,Yes,No,No,No,No,No,Yes,Yes,No,Yes,Yes,Yes,Yes,No,No,No,Yes,Yes,Yes,Yes,No,No,No
10.1016_j.ecoinf.2023.102421.pdf,Complete,Yes,Yes,No,No,No,Yes,Yes,No,No,No,No,No,No,Yes,No,No,No,Yes,No,No,No,No,No,Yes,No,No,No,No
10.1016_j.ecoinf.2024.102665.pdf,Complete,No,Yes,No,No,No,No,No,No,No,No,No,No,No,No,No,No,No,No,No,No,No,No,No,No,Yes,No,No,No
10.1016_j.ecoinf.2024.102667.pdf,Complete,No,No,No,No,No,Yes,No,No,No,No,No,No,No,No,No,No,No,No,No,No,No,No,No,No,No,No,No,No
10.1016_j.ecoinf.2024.102540.pdf,Complete,No,Yes,Yes,No,Yes,No,Yes,No,No,No,No,Yes,No,No,No,Yes,No,No,Yes,Yes,No,Yes,No,No,Yes,No,Yes,No
10.1016_j.ecoinf.2023.102410.pdf,Complete,No,No,No,No,No,No,No,No,No,No,No,No,No,No,No,No,No,No,No,No,No,No,No,No,No,No,No,No
10.1016_j.ecoinf.2023.102332.pdf,Complete,No,No,No,No,No,Yes,No,No,No,No,No,Yes,No,No,No,No,No,No,No,No,No,No,No,No,Yes,No,No,No
10.1016_j.ecoinf.2024.102590.pdf,Complete,Yes,Yes,No,No,No,No,No,No,No,No,No,No,No,No,No,No,No,No,No,No,No,No,No,No,Yes,No,No,No
10.1016_j.ecoinf.2024.102576.pdf,Complete,Yes,Yes,No,No,No,Yes,Yes,No,No,No,No,Yes,No,No,No,No,No,No,No,No,No,No,No,Yes,Yes,No,No,No
10.1016_j.ecoinf.2024.102460.pdf,Complete,No,No,No,No,No,Yes,No,No,No,No,No,Yes,No,No,No,No,No,No,No,No,No,No,No,No,Yes,Yes,No,No
10.1016_j.ecoinf.2024.102572.pdf,Complete,No,Yes,No,No,No,Yes,No,No,No,No,No,No,No,No,No,No,No,No,No,No,No,No,No,No,Yes,No,No,No
10.1016_j.ecoinf.2024.102552.pdf,Complete,No,Yes,No,No,No,No,No,No,No,No,No,No,No,No,No,No,No,No,No,No,No,No,No,No,No,No,No,No
10.1016_j.ecoinf.2024.102719.pdf,Complete,No,No,No,No,No,Yes,Yes,No,No,No,No,No,No,Yes,No,Yes,No,No,No,No,No,No,No,Yes,No,Yes,No,No
10.1016_j.ecoinf.2024.102691.pdf,Complete,No,Yes,No,No,No,Yes,No,No,No,No,No,Yes,Yes,No,Yes,No,No,Yes,No,No,No,Yes,No,Yes,Yes,No,No,No
10.1016_j.ecoinf.2022.101659.pdf,Complete,Yes,No,No,No,No,Yes,No,No,No,No,No,No,No,No,No,No,No,No,No,No,No,No,No,No,No,No,No,No
10.1016_j.ecoinf.2024.102705.pdf,Complete,No,Yes,No,Yes,No,No,No,No,No,No,No,Yes,No,No,Yes,No,No,No,No,Yes,No,Yes,No,Yes,Yes,No,No,No
10.1016_j.ecoinf.2024.102718.pdf,Complete,No,Yes,No,Yes,Yes,Yes,No,No,No,No,No,Yes,No,No,No,Yes,No,Yes,Yes,Yes,No,Yes,No,No,Yes,No,No,No
10.1016_j.ecoinf.2024.102507.pdf,Complete,No,Yes,No,Yes,No,No,No,No,No,No,No,Yes,No,No,No,No,Yes,No,Yes,No,No,Yes,No,No,Yes,No,No,No
10.1016_j.ecoinf.2024.102580.pdf,Complete,No,Yes,No,Yes,No,Yes,Yes,Yes,No,No,Yes,Yes,No,No,No,Yes,No,Yes,No,Yes,No,Yes,No,No,Yes,No,No,No
10.1016_j.ecoinf.2023.102363.pdf,Complete,Yes,Yes,No,Yes,No,No,Yes,No,No,No,No,Yes,Yes,No,Yes,Yes,Yes,Yes,No,Yes,No,Yes,No,Yes,Yes,No,No,No
10.1016_j.ecoinf.2023.102272.pdf,Complete,No,Yes,No,No,No,No,Yes,No,No,No,No,Yes,No,No,No,No,No,No,No,No,No,Yes,No,No,No,No,No,No
10.1016_j.ecoinf.2024.102593.pdf,Complete,Yes,Yes,No,No,Yes,No,No,No,No,Yes,No,Yes,No,No,No,No,No,No,Yes,No,No,Yes,No,Yes,Yes,No,No,No
10.1016_j.ecoinf.2024.102751.pdf,Complete,No,No,No,No,No,Yes,No,No,No,No,No,No,No,No,No,No,No,No,No,No,No,No,No,No,No,No,No,No
10.1016_j.ecoinf.2023.102430.pdf,Complete,No,Yes,No,No,No,No,Yes,No,No,No,No,Yes,Yes,No,Yes,No,No,No,Yes,No,No,Yes,Yes,Yes,Yes,No,No,No
10.1016_j.ecoinf.2023.102026.pdf,Complete,No,No,No,No,No,No,No,No,No,No,No,No,No,No,No,No,No,Yes,No,No,No,No,No,No,No,No,No,No
10.1016_j.ecoinf.2023.102200.pdf,Complete,Yes,Yes,No,No,No,Yes,No,No,No,No,No,Yes,No,No,Yes,No,Yes,No,No,No,No,Yes,No,Yes,Yes,No,No,No
10.1016_j.ecoinf.2024.102695.pdf,Complete,No,No,No,No,No,Yes,Yes,No,No,No,No,Yes,Yes,No,No,No,No,Yes,No,Yes,No,Yes,Yes,No,No,Yes,No,No
10.1016_j.ecoinf.2021.101534.pdf,Complete,No,Yes,No,Yes,No,Yes,No,No,No,No,No,Yes,No,No,No,Yes,No,No,No,Yes,No,Yes,No,No,Yes,No,No,No
10.1016_j.ecoinf.2020.101113.pdf,Complete,No,Yes,No,Yes,Yes,Yes,No,No,No,No,No,Yes,No,No,No,No,Yes,No,No,No,No,Yes,No,No,Yes,No,No,No
10.1016_j.ecoinf.2024.102651.pdf,Complete,No,Yes,No,No,No,Yes,No,No,No,No,No,Yes,No,No,No,No,No,No,No,No,No,Yes,No,No,Yes,No,No,No
10.1016_j.ecoinf.2023.102397.pdf,Complete,No,Yes,No,No,No,No,No,No,No,No,No,No,No,No,No,No,No,Yes,No,No,No,Yes,No,No,No,No,No,No
10.1016_j.ecoinf.2024.102638.pdf,Complete,No,No,No,No,No,No,Yes,No,No,No,No,No,Yes,No,No,No,Yes,No,No,No,No,No,Yes,Yes,No,No,No,No
10.1016_j.ecoinf.2023.102402.pdf,Complete,No,No,No,No,No,No,No,No,No,No,No,No,No,No,No,No,No,No,No,No,No,No,No,No,No,No,No,No
10.1016_j.ecoinf.2023.102342.pdf,Complete,No,No,No,No,No,No,No,No,No,No,No,No,No,No,No,No,No,No,No,No,No,No,No,Yes,No,No,No,No
10.1016_j.ecoinf.2024.102549.pdf,Complete,No,Yes,No,No,No,No,No,No,No,No,No,Yes,Yes,No,No,No,Yes,No,No,No,Yes,Yes,No,No,Yes,No,No,No
10.1016_j.ecoinf.2023.102032.pdf,Complete,Yes,Yes,No,No,No,No,No,No,No,No,No,No,No,No,No,No,No,No,No,No,No,No,No,No,No,No,No,Yes
10.1016_j.ecoinf.2023.101981.pdf,Complete,Yes,Yes,No,No,No,No,No,No,No,No,No,No,No,No,No,No,No,No,No,No,No,Yes,No,No,Yes,No,No,No
10.1016_j.ecoinf.2023.102404.pdf,Complete,Yes,Yes,No,No,No,No,No,No,No,No,No,No,No,Yes,No,No,No,No,No,No,No,No,Yes,No,No,No,No,No
10.1016_j.ecoinf.2021.101236.pdf,Complete,No,Yes,No,No,No,No,No,No,No,No,No,Yes,No,No,No,Yes,Yes,No,No,No,No,Yes,No,No,Yes,No,No,No
10.1016_j.ecoinf.2024.102500.pdf,Complete,No,No,No,No,No,No,No,No,No,No,No,No,No,Yes,No,No,No,Yes,No,No,No,No,No,Yes,No,No,No,No
10.1016_j.ecoinf.2024.102489.pdf,Complete,No,No,No,No,No,No,No,No,No,No,No,No,No,Yes,No,No,No,Yes,No,No,No,No,No,No,No,No,No,No
10.1016_j.ecoinf.2024.102557.pdf,Complete,No,Yes,No,No,No,No,No,No,No,No,No,No,No,Yes,No,No,No,Yes,No,No,No,Yes,Yes,No,Yes,No,No,No
10.1016_j.ecoinf.2024.102501.pdf,Complete,No,No,No,No,No,Yes,Yes,No,No,No,No,Yes,No,No,No,No,No,No,No,No,No,Yes,No,Yes,Yes,No,No,No
10.1016_j.ecoinf.2024.102647.pdf,Complete,No,Yes,No,No,No,No,No,No,No,No,No,Yes,No,No,No,No,No,No,No,No,No,No,No,No,Yes,No,No,No
10.1016_j.ecoinf.2021.101547.pdf,Complete,No,Yes,No,No,Yes,No,No,No,No,No,No,Yes,No,No,No,No,No,Yes,Yes,Yes,No,No,No,Yes,Yes,No,No,No
10.1016_j.ecoinf.2023.102242.pdf,Complete,No,No,No,No,No,No,No,No,No,No,No,No,No,No,No,No,No,No,No,No,No,No,No,Yes,No,No,No,No
10.1016_j.ecoinf.2024.102595.pdf,Complete,No,No,No,No,No,Yes,Yes,No,No,No,No,No,No,Yes,No,No,No,No,No,No,Yes,Yes,Yes,No,Yes,No,No,No
10.1016_j.ecoinf.2023.102046.pdf,Complete,No,Yes,No,No,No,Yes,No,No,No,No,No,Yes,Yes,Yes,Yes,No,Yes,No,Yes,No,No,Yes,No,No,Yes,No,No,No
10.1016_j.ecoinf.2024.102624.pdf,Complete,No,Yes,No,No,No,No,No,No,No,No,No,No,No,Yes,No,No,No,Yes,No,No,No,No,Yes,No,No,No,No,No
10.1016_j.ecoinf.2024.102689.pdf,Complete,No,Yes,Yes,No,No,Yes,Yes,No,No,No,No,Yes,Yes,No,Yes,No,No,Yes,Yes,Yes,No,Yes,Yes,Yes,Yes,No,No,No
10.1016_j.ecoinf.2024.102535.pdf,Complete,Yes,Yes,No,Yes,No,Yes,No,Yes,No,No,No,Yes,No,No,Yes,Yes,Yes,Yes,No,No,No,Yes,Yes,Yes,Yes,No,No,No
10.1016_j.ecoinf.2024.102734.pdf,Complete,No,Yes,No,No,No,Yes,Yes,No,No,No,No,Yes,No,No,No,No,No,No,No,Yes,No,Yes,No,No,Yes,No,No,No
10.1016_j.ecoinf.2024.102513.pdf,Complete,No,Yes,No,No,No,Yes,Yes,No,No,No,No,Yes,No,No,Yes,No,No,No,No,Yes,No,Yes,No,No,Yes,No,No,No
10.1016_j.ecoinf.2024.102604.pdf,Complete,No,No,No,No,No,Yes,No,No,No,No,No,No,No,No,No,No,No,No,No,No,No,No,No,No,No,No,No,No
10.1016_j.ecoinf.2023.102361.pdf,Complete,No,Yes,No,No,Yes,No,Yes,No,Yes,Yes,Yes,Yes,No,No,No,Yes,No,Yes,Yes,Yes,No,Yes,No,No,Yes,No,No,No
10.1016_j.ecoinf.2021.101252.pdf,Complete,No,No,No,No,No,Yes,Yes,No,No,No,No,Yes,No,Yes,No,Yes,No,Yes,No,Yes,No,Yes,No,Yes,No,No,No,No
10.1016_j.ecoinf.2023.102384.pdf,Complete,Yes,Yes,Yes,Yes,No,No,Yes,No,No,No,No,Yes,No,No,No,No,No,No,No,No,No,Yes,No,Yes,Yes,No,No,No
10.1016_j.ecoinf.2021.101284.pdf,Complete,No,Yes,No,No,No,Yes,No,No,No,No,No,No,No,No,No,No,No,No,No,No,No,No,No,No,No,No,No,No
10.1016_j.ecoinf.2022.101767.pdf,Complete,No,Yes,No,No,No,No,No,No,No,No,No,No,No,No,No,No,No,No,No,No,No,No,No,No,No,No,No,No
10.1016_j.ecoinf.2023.102388.pdf,Complete,No,Yes,No,No,No,Yes,Yes,No,No,No,No,Yes,Yes,No,Yes,No,Yes,No,No,Yes,No,Yes,No,No,Yes,No,No,No
10.1016_j.ecoinf.2024.102586.pdf,Complete,No,No,No,No,No,No,No,No,No,No,No,No,No,No,No,No,No,No,No,No,No,No,No,Yes,No,No,No,No
10.1016_j.ecoinf.2024.102693.pdf,Complete,No,Yes,No,No,Yes,Yes,No,No,No,No,No,Yes,Yes,No,Yes,No,Yes,Yes,No,Yes,No,Yes,No,No,Yes,No,No,No
10.1016_j.ecoinf.2021.101466.pdf,Complete,No,Yes,Yes,Yes,No,Yes,Yes,No,No,No,No,Yes,Yes,No,Yes,No,Yes,No,Yes,Yes,No,Yes,No,No,Yes,No,No,No
10.1016_j.ecoinf.2024.102510.pdf,Complete,No,Yes,Yes,Yes,Yes,Yes,Yes,No,No,No,No,Yes,Yes,Yes,No,No,No,No,No,No,No,Yes,No,No,Yes,No,No,No
10.1016_j.ecoinf.2024.102687.pdf,Complete,No,Yes,No,No,Yes,No,No,No,Yes,No,Yes,Yes,Yes,No,Yes,No,No,No,Yes,Yes,No,Yes,No,No,Yes,No,No,No
10.1016_j.ecoinf.2024.102565.pdf,Complete,No,Yes,No,No,No,No,Yes,No,No,No,No,No,No,No,No,No,No,No,No,No,No,Yes,Yes,No,Yes,Yes,No,No
10.1016_j.ecoinf.2024.102606.pdf,Complete,No,Yes,No,Yes,Yes,Yes,No,No,No,No,No,Yes,Yes,No,Yes,No,No,Yes,No,No,No,Yes,Yes,No,Yes,Yes,No,No
10.1016_j.ecoinf.2024.102582.pdf,Complete,No,No,No,No,No,Yes,Yes,No,No,No,No,No,No,No,No,No,No,No,No,No,No,Yes,No,No,Yes,No,No,Yes
10.1016_j.ecoinf.2015.08.011.pdf,Complete,No,No,No,No,No,Yes,Yes,No,No,No,No,No,Yes,Yes,No,Yes,Yes,Yes,No,No,No,Yes,Yes,No,No,No,No,No
10.1016_j.ecoinf.2024.102461.pdf,Complete,No,Yes,No,No,No,Yes,No,No,No,No,No,No,No,No,No,No,No,No,No,No,No,No,No,No,No,No,No,No
10.1016_j.ecoinf.2022.101892.pdf,Complete,No,Yes,No,Yes,Yes,Yes,No,No,No,No,No,Yes,No,No,No,No,No,No,Yes,Yes,No,Yes,Yes,Yes,Yes,No,No,No
10.1016_j.ecoinf.2024.102486.pdf,Complete,No,Yes,No,No,No,Yes,No,No,No,No,No,No,No,No,No,No,No,No,Yes,Yes,No,Yes,No,No,Yes,Yes,No,Yes
10.1016_j.ecoinf.2023.102256.pdf,Complete,No,Yes,No,No,No,Yes,Yes,Yes,Yes,No,No,Yes,No,No,Yes,No,No,No,No,No,No,Yes,No,No,Yes,No,No,No
10.1016_j.ecoinf.2024.102658.pdf,Complete,No,No,No,No,No,Yes,No,No,Yes,No,Yes,No,No,No,No,No,No,No,No,No,No,Yes,No,No,No,No,No,No
10.1016_j.ecoinf.2023.102455.pdf,Complete,No,No,No,No,No,Yes,No,No,No,No,No,Yes,Yes,Yes,Yes,No,No,No,No,No,No,Yes,No,Yes,Yes,No,No,No
10.1016_j.ecoinf.2024.102733.pdf,Complete,No,Yes,No,No,No,No,Yes,No,No,No,No,Yes,Yes,Yes,Yes,Yes,Yes,Yes,No,No,No,Yes,No,No,Yes,Yes,No,No
10.1016_j.ecoinf.2022.101786.pdf,Complete,No,Yes,Yes,No,No,No,No,Yes,No,Yes,No,Yes,No,No,No,No,No,Yes,No,Yes,No,Yes,No,No,Yes,No,No,No
10.1016_j.ecoinf.2024.102559.pdf,Complete,No,Yes,No,No,No,Yes,No,No,No,No,No,No,No,No,No,No,No,No,No,No,No,Yes,No,Yes,No,No,No,No
10.1016_j.ecoinf.2024.102541.pdf,Complete,No,Yes,Yes,No,No,Yes,No,No,Yes,No,No,Yes,No,No,No,No,Yes,No,No,Yes,No,Yes,Yes,No,Yes,No,No,No
10.1016_j.ecoinf.2024.102498.pdf,Complete,Yes,Yes,No,No,No,No,Yes,No,No,No,No,No,No,No,No,No,No,Yes,No,No,No,Yes,No,Yes,Yes,No,No,No
10.1016_j.ecoinf.2024.102546.pdf,Complete,Yes,Yes,Yes,Yes,No,Yes,No,No,No,No,No,Yes,Yes,No,Yes,No,No,No,No,No,No,Yes,No,Yes,Yes,No,No,No
10.1016_j.ecoinf.2023.102278.pdf,Complete,No,Yes,Yes,Yes,Yes,Yes,Yes,No,No,No,No,Yes,Yes,No,Yes,Yes,Yes,Yes,No,No,No,Yes,No,Yes,Yes,No,No,No
10.1016_j.ecoinf.2024.102571.pdf,Complete,No,No,No,No,No,Yes,Yes,No,No,No,No,Yes,No,No,No,No,No,Yes,No,No,No,Yes,No,Yes,No,No,No,No
10.1016_j.ecoinf.2024.102522.pdf,Complete,No,No,No,No,No,Yes,No,No,No,No,No,No,No,No,No,No,No,No,No,No,No,Yes,No,No,Yes,No,No,No
10.1016_j.ecoinf.2024.102515.pdf,Complete,Yes,Yes,No,No,No,No,No,Yes,Yes,No,No,No,No,No,No,No,No,No,No,No,No,No,No,No,Yes,No,No,No
10.1016_j.ecoinf.2023.102383.pdf,Complete,No,No,Yes,No,No,Yes,Yes,No,No,No,No,Yes,No,No,No,No,No,No,No,No,No,Yes,No,No,Yes,No,No,No
10.1016_j.ecoinf.2021.101322.pdf,Complete,No,Yes,No,Yes,Yes,Yes,No,Yes,No,Yes,No,Yes,No,No,No,Yes,No,No,Yes,Yes,No,Yes,No,No,Yes,No,No,No
10.1016_j.ecoinf.2023.102449.pdf,Complete,No,Yes,No,No,No,Yes,No,No,No,No,No,Yes,No,No,No,No,No,No,No,No,No,No,No,No,Yes,No,No,No
10.1016_j.ecoinf.2024.102468.pdf,Complete,No,Yes,No,No,No,Yes,No,No,No,No,No,No,No,No,No,No,No,No,No,No,No,Yes,No,No,Yes,No,No,No
10.1016_j.ecoinf.2024.102583.pdf,Complete,No,No,No,No,No,Yes,No,No,No,No,No,No,No,No,No,Yes,No,No,No,No,Yes,Yes,No,No,No,No,No,No
10.1016_j.ecoinf.2024.102509.pdf,Complete,No,Yes,No,No,No,No,Yes,No,No,No,No,No,No,No,No,No,No,No,No,No,No,No,No,No,No,No,No,No
10.1016_j.ecoinf.2024.102520.pdf,Complete,No,No,No,No,No,No,No,No,No,No,No,No,No,No,No,No,No,No,No,No,No,No,No,No,No,No,No,No
10.1016_j.ecoinf.2020.101154.pdf,Complete,No,No,No,No,Yes,Yes,Yes,No,No,No,No,No,No,Yes,No,Yes,No,Yes,No,No,No,No,Yes,Yes,Yes,No,No,No
10.1016_j.ecoinf.2024.102703.pdf,Complete,No,No,No,No,Yes,Yes,No,No,No,No,No,No,No,No,No,No,No,No,No,No,Yes,Yes,No,No,Yes,No,No,No
10.1016_j.ecoinf.2022.101955.pdf,Complete,No,Yes,No,No,No,No,No,No,No,No,No,No,No,No,No,No,Yes,No,No,No,No,Yes,No,No,Yes,No,No,No
10.1016_j.ecoinf.2023.102398.pdf,Complete,No,Yes,No,No,Yes,No,No,No,No,No,No,Yes,Yes,No,Yes,No,No,Yes,Yes,Yes,Yes,Yes,No,Yes,Yes,No,Yes,No
10.1016_j.ecoinf.2024.102711.pdf,Complete,No,No,No,No,No,Yes,No,No,No,No,No,No,No,Yes,No,No,No,No,No,No,No,Yes,Yes,No,No,No,No,No
10.1016_j.ecoinf.2023.102214.pdf,Complete,No,Yes,Yes,Yes,Yes,No,No,No,No,No,No,No,No,No,No,Yes,No,Yes,No,No,No,Yes,No,No,Yes,No,No,Yes
10.1016_j.ecoinf.2023.101988.pdf,Complete,No,Yes,No,No,No,Yes,No,No,No,No,No,No,No,No,No,No,No,No,No,No,No,No,No,No,Yes,No,No,No
10.1016_j.ecoinf.2024.102620.pdf,Complete,No,No,No,No,No,No,No,No,No,No,No,No,No,No,No,No,No,No,No,No,No,No,No,No,No,No,No,No
10.1016_j.ecoinf.2024.102474.pdf,Complete,Yes,Yes,No,No,Yes,No,No,No,No,No,No,Yes,No,Yes,Yes,Yes,Yes,Yes,Yes,Yes,No,Yes,Yes,No,Yes,No,No,No
10.1016_j.ecoinf.2024.102613.pdf,Complete,No,No,No,No,No,Yes,No,No,No,No,No,No,No,No,No,No,No,No,No,No,No,No,No,Yes,Yes,No,No,No
10.1016_j.ecoinf.2022.101775.pdf,Complete,Yes,No,No,No,No,Yes,Yes,No,No,No,No,Yes,No,No,Yes,No,Yes,Yes,Yes,No,Yes,No,No,Yes,Yes,No,No,No
10.1016_j.ecoinf.2024.102738.pdf,Complete,No,Yes,No,No,No,No,Yes,No,No,No,No,No,No,No,No,No,No,No,No,No,No,Yes,No,No,No,No,No,No
10.1016_j.ecoinf.2024.102578.pdf,Complete,Yes,Yes,No,Yes,Yes,No,No,No,No,Yes,No,Yes,Yes,No,No,No,No,No,Yes,No,No,Yes,No,Yes,Yes,No,No,No
10.1016_j.ecoinf.2023.102268.pdf,Complete,No,Yes,No,No,No,No,Yes,No,No,No,No,Yes,No,No,No,No,No,Yes,No,No,Yes,Yes,Yes,No,Yes,No,No,No
10.1016_j.ecoinf.2024.102707.pdf,Complete,Yes,Yes,No,No,No,No,No,No,No,No,No,No,No,No,No,No,No,No,No,No,No,Yes,No,No,Yes,No,No,No
10.1016_j.ecoinf.2024.102499.pdf,Complete,Yes,Yes,Yes,No,Yes,No,Yes,No,No,No,No,Yes,Yes,No,No,No,No,No,Yes,Yes,No,Yes,Yes,No,Yes,No,No,No
10.1016_j.ecoinf.2022.101683.pdf,Complete,No,No,No,No,No,No,No,No,No,No,No,No,No,No,No,No,No,No,No,No,No,Yes,No,No,No,No,No,No
10.1016_j.ecoinf.2024.102610.pdf,Complete,No,No,No,No,No,Yes,Yes,No,No,No,No,No,No,No,No,No,No,Yes,No,No,No,Yes,Yes,No,No,No,No,No
10.1016_j.ecoinf.2020.101115.pdf,Complete,No,No,No,No,No,No,No,No,No,No,No,No,No,No,No,No,No,No,No,No,No,No,No,No,No,No,No,No
10.1016_j.ecoinf.2024.102729.pdf,Complete,Yes,No,No,No,No,Yes,No,No,No,No,No,No,No,No,No,No,No,Yes,No,No,No,No,No,No,Yes,No,No,No
10.1016_j.ecoinf.2023.102442.pdf,Complete,Yes,No,No,No,No,Yes,No,No,No,No,No,Yes,No,No,No,No,No,No,No,No,No,Yes,No,No,Yes,No,No,No
10.1016_j.ecoinf.2024.102685.pdf,Complete,No,No,No,No,No,No,No,No,No,No,No,No,No,No,No,No,No,No,No,No,Yes,No,No,No,Yes,No,No,No
10.1016_j.ecoinf.2024.102484.pdf,Complete,Yes,Yes,No,No,No,Yes,No,No,No,No,No,No,No,No,No,No,No,No,No,No,No,No,No,No,Yes,No,No,No
10.1016_j.ecoinf.2015.11.011.pdf,Complete,No,No,No,No,No,No,No,No,No,No,No,No,No,No,No,No,No,No,No,No,No,No,No,No,Yes,No,No,No
10.1016_j.ecoinf.2022.101658.pdf,Complete,Yes,Yes,Yes,Yes,Yes,Yes,No,No,No,No,No,Yes,No,No,Yes,No,No,No,No,No,No,No,Yes,No,Yes,No,No,No
10.1016_j.ecoinf.2024.102622.pdf,Complete,No,Yes,No,No,No,Yes,No,No,No,No,No,Yes,No,No,No,No,No,No,No,No,No,No,No,No,No,No,No,No
10.1016_j.ecoinf.2024.102615.pdf,Complete,Yes,Yes,No,No,No,No,Yes,No,No,No,No,Yes,Yes,Yes,No,No,Yes,Yes,No,No,No,Yes,No,Yes,Yes,Yes,No,No
10.1016_j.ecoinf.2024.102644.pdf,Complete,No,No,No,No,No,Yes,No,No,No,No,No,No,No,No,No,No,No,No,No,No,No,Yes,No,No,Yes,No,No,No
10.1016_j.ecoinf.2024.102661.pdf,Complete,No,No,No,No,No,No,No,No,No,No,No,Yes,No,Yes,No,No,Yes,Yes,No,No,No,Yes,No,Yes,No,No,No,No
10.1016_j.ecoinf.2024.102516.pdf,Complete,No,Yes,No,Yes,Yes,Yes,No,No,No,No,No,Yes,Yes,No,Yes,No,No,No,Yes,No,No,Yes,No,Yes,Yes,No,No,No
10.1016_j.ecoinf.2024.102657.pdf,Complete,No,Yes,No,No,No,No,Yes,No,No,No,No,Yes,No,No,No,No,No,No,No,No,No,Yes,No,No,Yes,No,No,No
10.1016_j.ecoinf.2022.101657.pdf,Complete,No,Yes,Yes,No,No,Yes,No,No,No,No,No,No,No,No,No,No,No,No,No,No,No,Yes,No,No,Yes,No,No,No
10.1016_j.ecoinf.2024.102686.pdf,Complete,No,No,No,No,No,Yes,No,No,No,No,No,No,No,No,No,No,No,No,No,No,No,No,No,No,No,No,No,No
10.1016_j.ecoinf.2024.102623.pdf,Complete,No,Yes,No,No,No,Yes,Yes,No,No,No,No,Yes,Yes,No,Yes,No,Yes,No,No,No,No,Yes,Yes,Yes,Yes,No,No,No
10.1016_j.ecoinf.2024.102562.pdf,Complete,Yes,Yes,No,Yes,Yes,No,No,No,No,No,No,Yes,No,No,No,No,No,No,Yes,No,No,Yes,Yes,No,Yes,No,No,No
10.1016_j.ecoinf.2024.102569.pdf,Complete,No,No,No,No,No,Yes,No,No,No,No,No,No,No,No,No,No,No,No,No,No,No,No,No,Yes,No,No,No,No
10.1016_j.ecoinf.2023.102326.pdf,Complete,No,Yes,No,No,No,No,No,No,No,No,No,No,No,No,No,No,No,No,No,No,No,No,No,No,No,No,No,No
10.1016_j.ecoinf.2022.101777.pdf,Complete,No,Yes,No,No,No,No,No,No,No,No,No,No,No,No,No,No,No,No,No,No,No,No,No,No,No,No,No,No
10.1016_j.ecoinf.2023.102433.pdf,Complete,No,No,No,No,No,Yes,No,No,No,No,No,No,No,No,No,No,No,No,Yes,No,No,No,No,No,No,No,No,Yes
10.1016_j.ecoinf.2021.101251.pdf,Complete,No,No,No,No,No,No,No,No,No,No,No,No,No,No,No,No,No,No,No,No,No,No,No,No,No,No,No,No
10.1016_j.ecoinf.2023.102291.pdf,Complete,No,Yes,No,No,No,Yes,No,No,No,Yes,No,Yes,Yes,No,No,No,No,Yes,Yes,Yes,No,Yes,No,No,Yes,No,No,Yes
10.1016_j.ecoinf.2024.102683.pdf,Complete,No,Yes,No,No,No,Yes,No,No,No,No,No,Yes,No,No,No,No,No,Yes,No,No,No,Yes,No,Yes,Yes,Yes,No,No
10.1016_j.ecoinf.2024.102731.pdf,Complete,No,No,No,No,No,Yes,No,No,No,No,No,No,No,No,No,No,No,No,No,No,No,No,No,No,No,Yes,No,No
10.1016_j.ecoinf.2023.102043.pdf,Complete,Yes,Yes,No,No,Yes,Yes,Yes,No,No,No,No,Yes,No,No,No,No,No,No,No,No,No,No,No,No,Yes,No,No,No
10.1016_j.ecoinf.2024.102708.pdf,Complete,No,Yes,No,Yes,Yes,No,Yes,No,No,No,No,Yes,No,No,No,Yes,No,No,No,No,Yes,Yes,Yes,No,Yes,No,No,No
10.1016_j.ecoinf.2024.102728.pdf,Complete,Yes,Yes,No,No,No,No,No,No,No,No,No,Yes,No,No,No,No,No,No,No,No,No,No,No,No,Yes,No,No,No
10.1016_j.ecoinf.2023.102456.pdf,Complete,No,No,No,No,No,Yes,No,No,No,No,No,No,No,No,No,No,No,No,No,No,Yes,Yes,No,No,Yes,No,No,No
10.1016_j.ecoinf.2023.102151.pdf,Complete,No,No,No,No,No,No,No,No,No,No,No,No,No,No,No,No,No,No,No,No,No,No,No,No,No,No,No,No
10.1016_j.ecoinf.2023.102080.pdf,Complete,No,No,No,No,No,No,No,No,No,No,No,No,No,No,No,No,No,No,No,No,No,No,No,No,No,No,No,No
10.1016_j.ecoinf.2020.101061.pdf,Complete,No,Yes,Yes,Yes,Yes,Yes,No,No,No,No,No,No,No,No,No,No,No,No,No,Yes,No,Yes,Yes,Yes,Yes,No,No,No
10.1016_j.ecoinf.2024.102699.pdf,Complete,No,Yes,No,Yes,Yes,No,No,No,No,No,No,Yes,Yes,No,Yes,Yes,Yes,No,No,Yes,No,No,Yes,No,Yes,No,No,No
10.1016_j.ecoinf.2024.102721.pdf,Complete,No,No,No,No,No,Yes,No,No,No,No,No,Yes,No,Yes,Yes,No,No,No,No,No,No,No,No,No,Yes,No,No,No
10.1016_j.ecoinf.2024.102463.pdf,Complete,No,No,No,No,No,Yes,No,No,No,No,No,Yes,No,Yes,No,No,No,No,Yes,No,No,Yes,No,No,No,No,No,No
10.1016_j.ecoinf.2021.101496.pdf,Complete,Yes,Yes,No,No,No,Yes,Yes,No,No,No,No,No,No,Yes,No,No,No,No,No,No,No,No,No,No,Yes,No,No,No
10.1016_j.ecoinf.2024.102628.pdf,Complete,Yes,Yes,No,No,No,Yes,Yes,No,No,No,No,Yes,No,No,No,No,No,No,Yes,No,No,Yes,Yes,No,Yes,No,No,No
10.1016_j.ecoinf.2024.102660.pdf,Complete,No,Yes,No,Yes,Yes,Yes,Yes,No,No,No,No,Yes,Yes,No,Yes,No,Yes,Yes,Yes,Yes,No,Yes,No,No,Yes,No,No,No
10.1016_j.ecoinf.2024.102490.pdf,Complete,No,No,No,No,No,No,No,No,No,No,No,No,No,No,No,No,No,Yes,No,No,No,No,No,No,No,No,No,No
10.1016_j.ecoinf.2024.102697.pdf,Complete,No,No,No,No,No,No,No,No,No,No,No,No,No,Yes,No,No,No,Yes,No,No,No,No,Yes,No,No,No,No,No
10.1016_j.ecoinf.2024.102560.pdf,Complete,No,No,No,No,No,No,No,No,No,No,No,No,No,No,No,No,No,No,No,No,No,No,No,No,Yes,No,No,No
10.1016_j.ecoinf.2024.102598.pdf,Complete,No,No,No,No,No,Yes,No,No,No,No,No,No,No,No,No,No,No,Yes,No,No,No,Yes,No,No,No,No,No,No
10.1016_j.ecoinf.2023.102250.pdf,Complete,No,Yes,No,No,Yes,Yes,No,No,No,No,No,Yes,No,No,No,No,No,No,No,No,No,Yes,No,No,Yes,No,No,No
10.1016_j.ecoinf.2017.06.002.pdf,Complete,No,No,No,No,No,No,No,No,No,No,No,No,No,No,No,No,No,No,No,No,No,No,No,No,No,No,No,No
10.1016_j.ecoinf.2018.09.004.pdf,Complete,No,No,No,No,No,No,Yes,No,No,No,No,No,No,No,No,No,No,No,No,No,Yes,Yes,Yes,No,No,No,No,No
10.1016_j.ecoinf.2024.102706.pdf,Complete,No,Yes,No,No,No,No,No,No,No,No,No,No,No,Yes,No,No,No,Yes,No,No,No,No,No,No,Yes,Yes,No,No
10.1016_j.ecoinf.2023.102304.pdf,Complete,No,No,No,No,No,No,No,No,No,No,No,No,No,No,No,No,No,No,No,No,No,Yes,No,No,No,No,No,Yes
10.1016_j.ecoinf.2023.102439.pdf,Complete,No,Yes,No,No,No,Yes,Yes,No,No,No,No,No,No,No,No,Yes,No,Yes,No,No,No,Yes,No,No,Yes,No,No,No
10.1016_j.ecoinf.2023.102405.pdf,Complete,Yes,No,No,No,No,Yes,No,No,No,No,No,Yes,No,No,No,No,No,Yes,No,No,No,Yes,No,Yes,Yes,No,No,No
10.1016_j.ecoinf.2024.102709.pdf,Complete,Yes,Yes,No,No,Yes,Yes,Yes,No,Yes,No,Yes,Yes,No,No,No,No,No,Yes,No,No,No,Yes,Yes,No,Yes,No,No,No
10.1016_j.ecoinf.2024.102467.pdf,Complete,No,No,Yes,No,No,Yes,No,No,No,No,No,Yes,No,No,No,No,No,No,No,Yes,No,Yes,No,No,No,Yes,No,No
10.1016_j.ecoinf.2024.102581.pdf,Complete,No,No,No,Yes,No,Yes,No,No,No,No,No,Yes,Yes,Yes,Yes,No,Yes,Yes,No,Yes,No,Yes,No,No,Yes,No,No,No
10.1016_j.ecoinf.2024.102710.pdf,Complete,No,Yes,No,No,Yes,No,No,No,No,Yes,No,Yes,No,No,No,No,No,No,Yes,No,No,Yes,No,No,Yes,No,No,No
10.1016_j.ecoinf.2024.102538.pdf,Complete,No,Yes,No,No,Yes,No,Yes,No,No,Yes,No,Yes,Yes,No,Yes,Yes,Yes,Yes,No,No,Yes,Yes,Yes,Yes,Yes,Yes,No,No
10.1016_j.ecoinf.2023.102058.pdf,Complete,No,Yes,No,No,No,Yes,No,No,No,No,No,No,No,Yes,No,No,No,No,No,No,No,Yes,No,No,No,No,No,No
10.1016_j.ecoinf.2023.102047.pdf,Complete,Yes,Yes,Yes,Yes,Yes,Yes,No,No,No,No,No,Yes,No,Yes,Yes,No,Yes,Yes,Yes,No,No,Yes,No,No,Yes,No,No,No
10.1016_j.ecoinf.2023.102408.pdf,Complete,No,Yes,No,No,No,No,No,No,No,No,No,No,Yes,No,No,No,No,No,No,No,No,Yes,Yes,No,No,No,No,No
10.1016_j.ecoinf.2021.101378.pdf,Complete,No,No,No,No,No,Yes,No,No,No,No,No,No,No,No,No,No,No,No,No,No,No,No,No,No,No,No,No,No
10.1016_j.ecoinf.2023.102127.pdf,Complete,No,No,No,No,No,No,No,No,No,No,No,No,No,No,No,No,No,No,No,No,No,No,No,No,No,No,No,No
10.1016_j.ecoinf.2024.102502.pdf,Complete,No,Yes,No,No,No,No,No,No,No,No,No,No,No,No,No,No,No,No,No,No,No,No,No,No,No,No,No,No
10.1016_j.ecoinf.2018.01.003.pdf,Complete,No,No,No,No,No,Yes,No,No,No,No,No,No,No,No,No,No,No,No,No,No,No,Yes,No,No,No,No,No,No
10.1016_j.ecoinf.2024.102666.pdf,Complete,No,Yes,No,No,No,No,No,No,No,No,No,No,No,No,No,No,No,No,No,No,No,Yes,No,No,No,No,No,No
10.1016_j.ecoinf.2023.102354.pdf,Complete,No,No,No,No,No,Yes,No,No,No,No,No,No,No,No,No,No,No,No,No,No,No,No,No,No,No,No,No,No
10.1016_j.ecoinf.2024.102642.pdf,Complete,Yes,Yes,No,No,Yes,No,No,No,No,No,No,Yes,Yes,No,No,Yes,Yes,No,No,No,No,Yes,No,No,Yes,No,No,No
10.1016_j.ecoinf.2024.102619.pdf,Complete,No,Yes,No,No,No,Yes,No,No,No,No,No,Yes,Yes,Yes,Yes,No,No,No,Yes,Yes,No,Yes,Yes,No,Yes,Yes,No,No
10.1016_j.ecoinf.2022.101947.pdf,Complete,No,Yes,No,No,No,No,Yes,No,No,No,No,No,No,No,No,No,No,No,No,No,No,Yes,No,No,Yes,No,No,No
10.1016_j.ecoinf.2024.102713.pdf,Complete,No,No,No,No,No,No,No,No,No,No,No,No,No,No,No,No,No,No,No,No,No,No,No,No,No,No,No,No
10.1016_j.ecoinf.2024.102643.pdf,Complete,No,No,No,No,No,No,No,No,No,No,No,No,No,No,No,No,No,No,No,No,No,Yes,No,No,No,No,No,No
10.1016_j.ecoinf.2023.102392.pdf,Complete,No,Yes,No,No,No,Yes,No,No,No,No,No,No,No,No,No,No,No,No,No,No,No,Yes,No,No,Yes,No,No,No
10.1016_j.ecoinf.2022.101876.pdf,Complete,No,Yes,No,No,No,Yes,No,No,No,No,No,Yes,No,No,No,No,No,No,No,No,No,Yes,No,No,Yes,No,No,No
10.1016_j.ecoinf.2024.102735.pdf,Complete,Yes,Yes,No,No,No,Yes,No,No,No,No,No,No,No,Yes,No,No,No,No,No,No,No,No,No,No,No,No,No,No
10.1016_j.ecoinf.2021.101456.pdf,Complete,No,Yes,No,No,No,Yes,No,No,No,No,No,Yes,Yes,No,Yes,No,No,Yes,Yes,Yes,No,Yes,Yes,No,Yes,No,No,No
10.1016_j.ecoinf.2023.102220.pdf,Complete,No,No,No,No,No,No,Yes,No,No,No,No,Yes,No,No,No,No,No,No,Yes,No,No,Yes,Yes,No,Yes,No,No,No
10.1016_j.ecoinf.2024.102497.pdf,Complete,No,No,No,No,No,No,Yes,No,No,No,No,No,No,No,No,No,No,Yes,No,No,No,No,No,No,No,No,No,No
10.1016_j.ecoinf.2024.102671.pdf,Complete,No,No,No,No,No,Yes,No,No,No,No,No,No,No,No,No,No,No,No,No,No,No,No,No,No,No,No,No,No
10.1016_j.ecoinf.2023.102401.pdf,Complete,No,No,No,Yes,Yes,Yes,No,No,No,No,No,No,No,No,No,No,Yes,No,No,Yes,No,Yes,Yes,Yes,Yes,No,No,No
10.1016_j.ecoinf.2023.102346.pdf,Complete,No,No,No,No,No,Yes,No,No,No,No,No,No,No,No,No,No,No,No,No,No,Yes,No,Yes,No,No,No,No,No
10.1016_j.ecoinf.2022.101665.pdf,Complete,No,Yes,No,No,No,Yes,Yes,No,No,No,No,No,No,No,No,No,No,No,No,No,No,No,No,No,No,No,No,No
10.1016_j.ecoinf.2023.102432.pdf,Complete,No,Yes,No,No,No,No,No,No,No,No,No,No,No,No,No,No,No,No,No,No,Yes,Yes,Yes,No,Yes,No,No,No
10.1016_j.ecoinf.2024.102674.pdf,Complete,No,No,No,No,No,Yes,No,No,No,No,No,No,No,No,No,No,No,No,No,No,No,Yes,No,No,No,No,No,No
10.1016_j.ecoinf.2023.102407.pdf,Complete,No,No,No,No,No,No,No,No,No,No,No,No,No,No,No,Yes,No,No,Yes,No,No,No,No,No,No,Yes,No,No
10.1016_j.ecoinf.2023.101984.pdf,Complete,No,No,No,No,No,No,No,No,No,No,No,No,No,No,No,No,No,No,No,No,No,No,No,No,Yes,No,No,No
10.1016_j.ecoinf.2023.102233.pdf,Complete,No,Yes,No,No,Yes,No,Yes,No,No,No,No,Yes,Yes,Yes,No,Yes,No,Yes,Yes,No,No,Yes,No,No,Yes,No,No,No
10.1016_j.ecoinf.2024.102594.pdf,Complete,No,Yes,No,Yes,No,Yes,Yes,No,No,No,No,Yes,No,No,Yes,Yes,No,Yes,Yes,Yes,No,Yes,No,No,Yes,No,No,No
10.1016_j.ecoinf.2024.102573.pdf,Complete,No,Yes,No,Yes,No,Yes,No,No,No,No,No,Yes,Yes,No,Yes,Yes,No,Yes,Yes,Yes,No,Yes,No,No,Yes,No,No,No
10.1016_j.ecoinf.2023.102076.pdf,Complete,No,Yes,Yes,No,No,Yes,No,No,No,No,No,Yes,No,No,Yes,No,No,No,No,No,No,Yes,Yes,No,Yes,Yes,No,No
10.1016_j.ecoinf.2024.102690.pdf,Complete,No,Yes,No,No,No,No,No,No,No,No,No,Yes,No,No,No,No,No,No,No,No,No,No,No,No,Yes,No,No,No
10.1016_j.ecoinf.2023.102417.pdf,Complete,No,Yes,Yes,No,Yes,Yes,No,No,No,No,No,Yes,No,No,Yes,Yes,No,No,Yes,No,No,Yes,No,No,Yes,No,No,No
10.1016_j.ecoinf.2022.101782.pdf,Complete,No,Yes,No,Yes,Yes,Yes,Yes,Yes,Yes,Yes,Yes,Yes,Yes,No,Yes,Yes,No,Yes,No,No,No,Yes,Yes,Yes,Yes,No,No,No
10.1016_j.ecoinf.2024.102720.pdf,Complete,No,No,No,No,No,Yes,No,No,No,No,No,No,No,No,No,No,No,No,No,No,No,No,No,No,No,No,No,No
10.1016_j.ecoinf.2024.102650.pdf,Complete,No,No,No,No,No,No,No,No,No,No,No,Yes,No,No,No,No,No,No,No,No,No,No,No,No,Yes,No,No,No
10.1016_j.ecoinf.2022.101904.pdf,Complete,No,Yes,No,No,No,Yes,No,No,No,No,No,Yes,No,No,No,No,No,No,No,Yes,No,Yes,No,No,Yes,No,No,No
10.1016_j.ecoinf.2021.101314.pdf,Complete,No,No,No,No,No,No,No,No,No,No,No,No,No,No,No,No,No,No,No,No,No,No,No,No,No,No,No,No
10.1016_j.ecoinf.2024.102563.pdf,Complete,No,Yes,No,No,No,No,No,No,No,No,No,No,No,No,No,No,No,No,No,No,No,No,No,Yes,Yes,No,No,No
10.1016_j.ecoinf.2024.102639.pdf,Complete,No,No,No,No,No,No,No,No,No,No,No,No,No,Yes,No,No,No,No,No,No,No,Yes,No,No,No,No,No,No
10.1016_j.ecoinf.2024.102730.pdf,Complete,Yes,Yes,No,No,No,Yes,Yes,No,No,No,No,Yes,Yes,Yes,Yes,No,Yes,No,No,No,No,Yes,Yes,Yes,Yes,No,No,No
10.1016_j.ecoinf.2022.101861.pdf,Complete,Yes,Yes,No,No,No,No,No,No,No,No,No,Yes,No,No,No,No,No,No,No,No,No,Yes,No,No,Yes,No,No,No
10.1016_j.ecoinf.2023.102394.pdf,Complete,No,Yes,No,No,No,Yes,No,No,No,No,No,Yes,No,No,No,No,Yes,No,No,No,No,No,No,Yes,Yes,No,No,No
10.1016_j.ecoinf.2023.102333.pdf,Complete,No,Yes,No,No,Yes,No,Yes,No,No,No,No,No,Yes,Yes,Yes,Yes,Yes,Yes,No,No,No,Yes,No,Yes,Yes,No,No,Yes
10.1016_j.ecoinf.2023.102289.pdf,Complete,No,Yes,No,No,Yes,Yes,No,No,No,No,No,Yes,No,No,No,No,No,No,Yes,Yes,No,No,No,No,Yes,No,No,No
10.1016_j.ecoinf.2023.102037.pdf,Complete,Yes,Yes,No,No,Yes,No,Yes,Yes,No,Yes,No,Yes,Yes,No,Yes,No,No,No,No,Yes,No,Yes,Yes,Yes,Yes,No,No,No
10.1016_j.ecoinf.2023.102457.pdf,Complete,No,Yes,No,No,Yes,No,No,Yes,No,Yes,No,Yes,No,No,No,No,No,No,No,No,No,Yes,No,No,Yes,No,No,No
10.1016_j.ecoinf.2022.101688.pdf,Complete,No,Yes,No,No,Yes,Yes,Yes,No,No,No,No,Yes,No,No,Yes,No,No,No,Yes,Yes,No,Yes,No,Yes,Yes,No,No,Yes
10.1016_j.ecoinf.2022.101817.pdf,Complete,No,Yes,No,No,Yes,No,Yes,No,No,No,No,Yes,No,No,No,No,No,No,No,No,No,Yes,No,Yes,Yes,No,No,No
10.1016_j.ecoinf.2020.101151.pdf,Complete,No,No,No,No,No,No,No,No,No,No,No,No,No,No,No,No,No,No,No,No,No,No,No,No,No,No,No,No
10.1016_j.ecoinf.2024.102664.pdf,Complete,No,Yes,No,No,No,No,Yes,No,No,No,No,Yes,No,Yes,Yes,No,No,No,No,No,No,Yes,No,No,Yes,No,No,No
10.1016_j.ecoinf.2024.102605.pdf,Complete,Yes,Yes,No,No,No,Yes,No,No,No,No,No,Yes,No,No,No,No,No,No,No,No,No,Yes,No,No,Yes,No,No,No
10.1016_j.ecoinf.2024.102603.pdf,Complete,No,Yes,No,No,No,Yes,No,No,No,No,No,No,No,No,No,No,No,No,No,Yes,No,Yes,No,No,No,No,No,No
10.1016_j.ecoinf.2023.102409.pdf,Complete,No,Yes,No,No,No,No,No,No,No,No,No,Yes,Yes,No,Yes,No,No,No,No,No,No,Yes,No,No,Yes,No,No,No
10.1016_j.ecoinf.2023.102399.pdf,Complete,No,Yes,No,No,No,Yes,No,No,No,No,No,Yes,No,No,No,No,No,No,No,No,No,Yes,No,Yes,Yes,No,No,No
10.1016_j.ecoinf.2023.102454.pdf,Complete,No,No,No,No,No,No,No,No,No,No,No,No,No,No,No,No,No,No,No,No,No,No,No,No,No,No,No,No
10.1016_j.ecoinf.2024.102679.pdf,Complete,Yes,Yes,No,No,No,Yes,No,No,No,No,No,No,No,No,No,No,Yes,Yes,No,No,No,No,No,No,Yes,No,No,No
10.1016_j.ecoinf.2023.102330.pdf,Complete,Yes,Yes,No,Yes,Yes,Yes,No,Yes,No,Yes,No,Yes,No,No,No,No,No,No,No,No,No,Yes,No,No,Yes,No,No,No
10.1016_j.ecoinf.2021.101290.pdf,Complete,No,Yes,No,No,No,Yes,No,No,No,No,No,No,No,No,No,No,Yes,No,Yes,No,No,Yes,No,No,No,No,No,No
10.1016_j.ecoinf.2024.102704.pdf,Complete,Yes,Yes,No,No,No,Yes,Yes,No,No,No,No,Yes,No,No,No,No,Yes,No,Yes,Yes,No,Yes,No,Yes,Yes,No,No,No
10.1016_j.ecoinf.2024.102465.pdf,Complete,Yes,Yes,No,No,Yes,Yes,No,No,No,No,No,Yes,No,No,No,No,No,No,No,No,No,No,No,Yes,Yes,No,No,No
10.1016_j.ecoinf.2024.102517.pdf,Complete,No,Yes,No,No,Yes,Yes,No,No,No,No,No,No,Yes,No,Yes,No,No,Yes,No,Yes,No,Yes,No,No,Yes,No,No,No
10.1016_j.ecoinf.2023.102396.pdf,Complete,No,No,No,No,No,Yes,No,No,No,No,No,No,No,No,No,No,No,No,No,No,No,No,No,No,No,No,No,No
10.1016_j.ecoinf.2023.102406.pdf,Complete,No,No,No,No,No,No,No,No,No,No,No,No,No,No,No,No,No,No,No,No,Yes,Yes,No,Yes,No,No,No,No
10.1016_j.ecoinf.2024.102611.pdf,Complete,No,Yes,No,No,No,No,Yes,No,No,No,No,No,No,No,Yes,No,No,No,No,No,No,Yes,Yes,No,Yes,No,No,No
10.1016_j.ecoinf.2023.102431.pdf,Complete,No,No,No,No,No,No,No,No,No,No,No,No,No,No,No,No,No,No,No,No,No,No,No,No,Yes,No,No,No
10.1016_j.ecoinf.2024.102652.pdf,Complete,No,Yes,No,No,No,Yes,Yes,No,No,No,No,Yes,Yes,No,Yes,Yes,No,Yes,No,No,No,Yes,No,Yes,Yes,No,No,Yes
10.1016_j.ecoinf.2023.102452.pdf,Complete,Yes,No,No,No,No,Yes,No,No,No,No,No,Yes,No,No,No,No,No,No,No,No,No,Yes,No,No,Yes,No,No,No
10.1016_j.ecoinf.2024.102591.pdf,Complete,No,Yes,No,No,No,Yes,No,No,No,No,No,No,No,No,No,No,No,No,No,No,No,No,No,No,Yes,No,No,No
10.1016_j.ecoinf.2024.102714.pdf,Complete,No,No,No,No,No,No,Yes,No,No,No,No,No,No,Yes,No,No,No,No,No,No,Yes,No,Yes,No,Yes,No,No,No
10.1016_j.ecoinf.2024.102608.pdf,Complete,Yes,No,No,No,No,No,No,No,No,No,No,No,Yes,Yes,No,No,No,No,No,No,No,Yes,No,Yes,No,No,No,No
10.1016_j.ecoinf.2023.102364.pdf,Complete,Yes,No,No,No,No,Yes,No,No,Yes,No,No,No,No,No,No,No,No,No,No,No,No,Yes,No,No,Yes,No,No,No
10.1016_j.ecoinf.2024.102511.pdf,Complete,No,Yes,No,No,No,Yes,No,Yes,Yes,No,Yes,No,No,No,No,No,No,No,No,No,No,No,No,Yes,Yes,No,No,No
10.1016_j.ecoinf.2023.102082.pdf,Complete,Yes,Yes,No,No,No,Yes,No,No,No,No,No,No,No,No,No,No,No,No,No,No,No,No,Yes,No,Yes,No,No,No
10.1016_j.ecoinf.2018.12.002.pdf,Complete,No,No,No,No,No,No,No,No,No,No,No,No,No,No,No,No,No,No,No,No,No,No,No,No,No,No,No,No
10.1016_j.ecoinf.2024.102481.pdf,Complete,Yes,No,No,No,No,Yes,No,No,No,No,No,No,No,No,No,No,No,Yes,No,No,Yes,No,No,No,No,No,No,No
10.1016_j.ecoinf.2024.102530.pdf,Complete,No,No,No,No,No,No,No,No,No,No,No,No,No,No,No,No,No,No,No,No,No,No,No,No,No,No,No,No
10.1016_j.ecoinf.2024.102648.pdf,Complete,No,Yes,No,No,No,No,No,No,No,No,No,No,No,No,No,Yes,No,Yes,No,No,No,Yes,No,No,Yes,No,No,No
10.1016_j.ecoinf.2024.102668.pdf,Complete,No,Yes,No,No,No,Yes,No,No,No,No,No,No,No,No,No,No,No,No,No,No,No,No,No,No,No,No,No,No
10.1016_j.ecoinf.2019.01.012.pdf,Complete,No,Yes,No,No,No,No,Yes,No,No,No,No,Yes,Yes,No,Yes,Yes,Yes,Yes,No,No,Yes,Yes,Yes,Yes,Yes,No,No,No
10.1016_j.ecoinf.2022.101733.pdf,Complete,Yes,Yes,No,No,No,No,No,No,No,No,No,No,No,No,No,No,No,No,No,No,No,Yes,No,No,No,No,No,Yes
10.1016_j.ecoinf.2024.102712.pdf,Complete,No,No,No,No,No,No,No,No,No,No,No,No,No,No,No,No,No,No,No,No,No,No,Yes,No,No,No,No,No
10.1016_j.ecoinf.2024.102677.pdf,Complete,No,Yes,No,No,No,No,Yes,No,No,No,No,Yes,No,No,No,Yes,No,Yes,No,Yes,Yes,Yes,Yes,Yes,Yes,No,No,No
10.1016_j.ecoinf.2020.101086.pdf,Complete,No,No,No,No,No,No,No,No,No,No,No,No,No,No,No,No,No,No,No,No,No,No,No,No,No,No,No,No
10.1016_j.ecoinf.2024.102602.pdf,Complete,Yes,Yes,No,No,No,Yes,Yes,No,Yes,No,Yes,Yes,Yes,No,Yes,Yes,Yes,Yes,No,No,No,Yes,Yes,No,Yes,No,No,No
10.1016_j.ecoinf.2023.102133.pdf,Complete,Yes,No,No,No,No,Yes,No,No,No,No,No,Yes,Yes,Yes,Yes,No,No,No,No,No,No,No,No,No,Yes,No,No,No
10.1016_j.ecoinf.2024.102488.pdf,Complete,Yes,Yes,No,No,No,Yes,No,No,No,No,No,No,No,Yes,No,No,No,Yes,No,No,No,Yes,No,No,No,No,No,No
10.1016_j.ecoinf.2024.102680.pdf,Complete,No,Yes,No,Yes,No,Yes,No,No,No,No,No,Yes,Yes,No,No,No,No,No,No,Yes,No,Yes,No,No,Yes,No,No,No
10.1016_j.ecoinf.2024.102672.pdf,Complete,No,No,No,No,No,No,Yes,No,No,Yes,Yes,No,Yes,Yes,Yes,Yes,No,No,Yes,No,Yes,Yes,Yes,No,Yes,No,No,No
10.1016_j.ecoinf.2022.101835.pdf,Complete,No,No,No,No,No,Yes,No,No,No,No,No,Yes,Yes,Yes,Yes,No,Yes,Yes,Yes,No,Yes,Yes,No,Yes,Yes,No,No,No
10.1016_j.ecoinf.2024.102597.pdf,Complete,No,Yes,No,No,No,Yes,No,No,No,No,No,No,No,Yes,No,No,No,No,No,Yes,No,No,No,No,No,No,No,No
10.1016_j.ecoinf.2024.102504.pdf,Complete,Yes,Yes,No,No,No,Yes,No,No,No,No,No,Yes,No,No,No,No,No,No,No,No,No,No,No,Yes,No,No,No,No
10.1016_j.ecoinf.2022.101721.pdf,Complete,No,Yes,No,No,No,Yes,No,No,No,No,No,No,No,No,No,No,No,No,No,No,No,No,No,No,Yes,No,No,No
10.1016_j.ecoinf.2023.102232.pdf,Complete,No,No,No,No,No,No,No,Yes,Yes,Yes,Yes,No,No,No,No,No,No,No,No,No,No,No,No,No,No,No,No,No
10.1016_j.ecoinf.2024.102612.pdf,Complete,No,Yes,No,No,No,No,No,No,No,No,No,No,No,No,No,Yes,No,No,No,Yes,No,Yes,No,No,Yes,No,No,No
10.1016_j.ecoinf.2024.102663.pdf,Complete,Yes,Yes,No,No,No,No,Yes,No,No,No,No,Yes,Yes,Yes,Yes,No,No,No,No,No,No,Yes,No,Yes,Yes,No,No,No
10.1016_j.ecoinf.2023.102191.pdf,Complete,No,No,No,No,No,No,No,No,No,No,No,No,No,No,No,No,No,No,No,No,No,No,No,No,No,No,No,No
10.1016_j.ecoinf.2024.102725.pdf,Complete,No,Yes,No,No,No,Yes,No,No,No,No,No,No,No,No,No,No,No,No,No,No,No,Yes,No,No,No,No,No,No
10.1016_j.ecoinf.2024.102656.pdf,Complete,No,No,No,No,No,No,No,No,No,No,No,No,No,No,No,No,No,No,No,No,No,No,No,No,No,No,No,No
10.1016_j.ecoinf.2023.102444.pdf,Complete,No,Yes,No,No,No,Yes,No,No,No,No,No,Yes,No,No,No,No,No,No,No,No,Yes,No,No,No,Yes,No,No,No
10.1016_j.ecoinf.2024.102514.pdf,Complete,No,No,No,No,No,No,Yes,No,No,No,No,No,No,Yes,No,No,No,No,No,No,No,Yes,No,No,No,No,No,No
10.1016_j.ecoinf.2024.102732.pdf,Complete,Yes,No,No,No,No,No,No,No,No,No,No,No,No,Yes,No,No,No,No,No,No,No,No,No,No,No,No,No,No
10.1016_j.ecoinf.2023.102126.pdf,Complete,No,No,No,No,No,No,No,No,No,No,No,No,No,No,No,No,No,No,No,No,No,No,No,No,No,No,No,No
10.1016_j.ecoinf.2024.102744.pdf,Complete,No,Yes,Yes,No,Yes,Yes,No,No,No,No,No,Yes,No,No,No,No,Yes,No,Yes,Yes,No,Yes,No,Yes,Yes,No,No,No
10.1016_j.ecoinf.2023.102445.pdf,Complete,No,Yes,No,No,Yes,Yes,No,No,No,No,No,Yes,Yes,No,No,No,No,No,Yes,Yes,Yes,Yes,No,No,Yes,Yes,No,No
10.1016_j.ecoinf.2024.102528.pdf,Complete,No,Yes,No,No,No,No,No,No,No,No,No,No,No,No,No,No,No,No,No,No,No,Yes,No,No,Yes,No,No,No
10.1016_j.ecoinf.2024.102670.pdf,Complete,No,Yes,Yes,No,No,Yes,No,No,No,No,No,No,No,No,No,No,No,No,No,No,No,Yes,No,No,Yes,No,No,No
10.1016_j.ecoinf.2024.102607.pdf,Complete,No,Yes,No,No,No,No,No,No,No,No,No,No,No,No,No,No,No,No,No,No,No,Yes,No,No,No,No,No,No
10.1016_j.ecoinf.2023.102436.pdf,Complete,No,Yes,No,No,No,No,No,No,No,No,No,Yes,No,No,No,No,No,No,No,No,No,No,No,No,Yes,No,No,No
10.1016_j.ecoinf.2023.102265.pdf,Complete,No,Yes,No,No,Yes,Yes,No,No,No,No,No,Yes,No,No,No,No,No,No,No,Yes,No,Yes,No,No,Yes,No,No,No
10.1016_j.ecoinf.2023.102403.pdf,Complete,No,No,No,No,No,Yes,No,No,No,No,No,No,No,No,No,No,No,No,No,No,No,No,No,No,No,No,No,No
10.1016_j.ecoinf.2024.102477.pdf,Complete,No,No,No,No,No,No,No,No,No,No,No,Yes,No,No,No,Yes,Yes,No,No,No,No,Yes,No,Yes,Yes,No,No,No
10.1016_j.ecoinf.2024.102526.pdf,Complete,No,No,No,No,No,Yes,No,No,No,No,No,No,No,No,No,No,No,No,No,No,No,No,No,No,No,No,No,No
10.1016_j.ecoinf.2024.102618.pdf,Complete,No,Yes,No,Yes,Yes,No,No,No,No,No,No,Yes,No,No,No,Yes,No,No,No,No,Yes,Yes,No,Yes,Yes,Yes,No,No
10.1016_j.ecoinf.2023.102036.pdf,Complete,No,Yes,No,Yes,No,No,No,No,No,No,No,No,Yes,Yes,No,No,No,Yes,Yes,No,No,No,No,No,No,No,No,No
10.1016_j.ecoinf.2024.102601.pdf,Complete,No,Yes,No,No,No,No,No,No,No,No,No,No,No,Yes,No,No,No,No,No,No,No,Yes,No,No,Yes,No,No,No
10.1016_j.ecoinf.2024.102627.pdf,Complete,No,Yes,No,No,Yes,No,No,No,No,No,No,No,No,No,No,Yes,No,No,No,No,Yes,Yes,No,No,Yes,No,No,No
10.1016_j.ecoinf.2023.102450.pdf,Complete,No,Yes,No,No,No,Yes,No,No,No,No,No,Yes,No,No,No,No,No,No,Yes,Yes,No,Yes,No,No,Yes,No,No,No
10.1016_j.ecoinf.2024.102519.pdf,Complete,No,No,No,No,No,No,No,No,No,No,No,No,No,Yes,No,No,No,No,No,No,No,No,No,No,No,No,No,No
10.1016_j.ecoinf.2023.102344.pdf,Complete,No,Yes,No,No,No,Yes,Yes,No,No,No,No,Yes,No,No,Yes,No,No,No,No,No,Yes,Yes,Yes,No,Yes,No,No,No
10.1016_j.ecoinf.2023.102065.pdf,Complete,Yes,Yes,No,Yes,No,No,No,No,No,No,No,Yes,No,No,No,No,No,Yes,No,No,No,Yes,Yes,No,Yes,Yes,No,No
10.1016_j.ecoinf.2023.102266.pdf,Complete,No,No,No,No,No,Yes,No,No,No,No,No,No,No,No,No,No,No,No,No,No,No,No,No,No,No,No,No,No
10.1016_j.ecoinf.2024.102547.pdf,Complete,No,No,No,No,No,Yes,No,No,No,No,No,No,No,No,No,No,No,No,No,No,No,No,No,No,No,No,No,No
10.1016_j.ecoinf.2021.101464.pdf,Complete,No,No,No,No,No,Yes,Yes,No,No,No,No,No,No,Yes,No,No,No,Yes,No,No,No,Yes,No,No,No,No,No,No
10.1016_j.ecoinf.2024.102737.pdf,Complete,No,Yes,No,Yes,Yes,No,No,No,No,No,No,Yes,No,No,No,No,No,No,No,No,No,Yes,Yes,No,Yes,No,No,No
10.1016_j.ecoinf.2022.101601.pdf,Complete,No,No,No,No,No,Yes,No,No,No,No,No,No,No,No,No,No,No,No,No,No,No,No,No,No,No,No,No,No
10.1016_j.ecoinf.2024.102564.pdf,Complete,No,Yes,No,No,No,No,No,No,No,No,No,No,No,No,No,No,No,No,No,No,No,Yes,No,No,Yes,No,No,No
10.1016_j.ecoinf.2024.102676.pdf,Complete,No,Yes,No,No,No,Yes,No,No,No,No,No,No,No,Yes,No,No,No,No,No,No,No,No,No,No,Yes,No,No,No
10.1016_j.ecoinf.2023.102285.pdf,Complete,Yes,Yes,No,No,No,No,No,No,No,No,No,No,No,No,No,No,No,No,No,No,No,Yes,Yes,No,Yes,No,No,No
10.1016_j.ecoinf.2024.102556.pdf,Complete,No,Yes,No,No,No,Yes,Yes,No,No,No,No,Yes,No,No,No,No,No,No,No,No,No,No,Yes,No,Yes,No,No,No
10.1016_j.ecoinf.2023.102446.pdf,Complete,No,No,No,No,No,No,No,No,No,No,No,No,No,No,No,No,No,No,No,No,No,No,No,No,No,No,No,No
10.1016_j.ecoinf.2024.102543.pdf,Complete,Yes,Yes,Yes,Yes,No,Yes,Yes,No,No,No,No,Yes,No,No,No,Yes,No,Yes,No,No,No,Yes,Yes,No,Yes,No,No,No
10.1016_j.ecoinf.2023.102181.pdf,Complete,No,No,No,No,No,No,No,No,No,No,No,No,No,No,No,Yes,No,Yes,No,No,No,No,No,No,No,Yes,No,No
10.1016_j.ecoinf.2024.102698.pdf,Complete,No,No,No,No,No,Yes,No,No,No,No,No,Yes,No,No,No,No,No,No,No,No,No,Yes,No,Yes,No,No,No,No
10.1016_j.ecoinf.2023.102257.pdf,Complete,No,Yes,Yes,No,No,Yes,No,No,No,No,No,Yes,No,No,No,No,No,No,No,No,Yes,Yes,No,No,Yes,No,No,No
10.1016_j.ecoinf.2023.102429.pdf,Complete,No,No,No,No,No,Yes,No,No,No,No,No,No,No,No,No,No,No,No,No,No,Yes,No,No,Yes,No,No,No,No
10.1016_j.ecoinf.2022.101754.pdf,Complete,Yes,Yes,No,No,No,No,No,No,No,No,No,No,No,No,No,No,No,No,No,No,No,No,No,No,Yes,No,No,No
10.1016_j.ecoinf.2024.102681.pdf,Complete,No,No,No,No,No,Yes,No,No,No,No,No,Yes,No,No,No,No,No,No,No,No,No,Yes,No,Yes,Yes,No,No,No
10.1016_j.ecoinf.2023.102334.pdf,Complete,No,Yes,No,No,No,Yes,No,No,No,No,No,Yes,No,No,No,No,Yes,No,Yes,Yes,Yes,Yes,No,Yes,Yes,No,No,No
10.1016_j.ecoinf.2024.102471.pdf,Complete,No,Yes,No,No,No,Yes,Yes,No,No,No,No,Yes,Yes,No,Yes,No,Yes,No,No,No,No,Yes,No,Yes,Yes,No,No,No
10.1016_j.ecoinf.2024.102577.pdf,Complete,No,No,No,No,No,Yes,No,No,No,No,No,No,No,No,No,No,No,No,No,No,No,Yes,No,No,No,No,No,No
10.1016_j.ecoinf.2021.101268.pdf,Complete,Yes,Yes,No,No,Yes,No,No,No,No,No,No,No,No,No,Yes,No,No,No,No,No,Yes,Yes,Yes,No,Yes,No,No,No
10.1016_j.ecoinf.2024.102493.pdf,Complete,No,No,No,No,No,Yes,No,No,No,No,No,No,No,No,No,No,No,No,No,No,No,No,No,No,No,No,No,No
10.1016_j.ecoinf.2024.102462.pdf,Complete,Yes,Yes,No,No,No,No,No,No,No,No,No,Yes,No,No,No,No,No,No,No,No,Yes,Yes,Yes,No,Yes,Yes,No,No
10.1016_j.ecoinf.2023.102215.pdf,Complete,No,Yes,Yes,No,Yes,Yes,No,No,No,No,No,Yes,Yes,No,Yes,Yes,No,No,Yes,No,No,Yes,No,No,Yes,No,No,No
10.1016_j.ecoinf.2024.102482.pdf,Complete,No,Yes,No,No,No,Yes,No,No,No,No,No,Yes,No,No,No,No,No,No,No,No,Yes,Yes,No,Yes,Yes,No,No,No
10.1016_j.ecoinf.2023.102303.pdf,Complete,No,Yes,No,No,Yes,Yes,No,No,No,No,No,Yes,No,No,No,No,No,No,Yes,No,No,Yes,No,No,Yes,No,No,No
10.1016_j.ecoinf.2022.101803.pdf,Complete,No,No,No,No,No,Yes,Yes,No,No,No,No,No,No,Yes,No,No,No,No,No,No,No,No,No,No,No,No,No,No
10.1016_j.ecoinf.2024.102527.pdf,Complete,Yes,Yes,No,No,Yes,No,Yes,No,No,No,No,Yes,Yes,No,Yes,Yes,No,Yes,Yes,Yes,No,Yes,No,No,Yes,No,No,No
10.1016_j.ecoinf.2024.102637.pdf,Complete,Yes,Yes,No,No,Yes,Yes,No,No,Yes,No,Yes,Yes,Yes,No,No,Yes,No,No,No,No,No,Yes,No,Yes,No,No,No,No
10.1016_j.ecoinf.2024.102631.pdf,Complete,No,Yes,No,No,Yes,Yes,No,No,No,No,No,Yes,No,No,No,No,No,No,No,No,No,No,No,No,Yes,No,No,No
87.pdf,Complete,Yes,Yes,No,Yes,No,Yes,Yes,No,No,No,No,Yes,No,No,No,Yes,No,No,Yes,Yes,No,Yes,No,No,Yes,No,No,No
191.pdf,Complete,No,Yes,No,No,Yes,No,No,No,No,No,No,Yes,Yes,No,No,Yes,No,Yes,Yes,No,No,Yes,No,No,Yes,No,No,No
146.pdf,Complete,No,Yes,Yes,No,No,No,No,No,No,Yes,No,Yes,Yes,No,Yes,No,No,No,No,Yes,No,Yes,No,No,Yes,No,No,No
78.pdf,Complete,Yes,Yes,No,No,Yes,Yes,No,No,No,No,No,Yes,No,No,Yes,No,No,No,No,No,No,Yes,No,No,Yes,No,No,No
139.pdf,Complete,No,Yes,Yes,No,Yes,No,No,No,No,No,No,Yes,Yes,No,Yes,Yes,Yes,No,Yes,Yes,Yes,Yes,Yes,No,Yes,No,No,No
158.pdf,Complete,No,Yes,No,Yes,No,No,Yes,No,No,No,No,Yes,Yes,Yes,Yes,Yes,No,Yes,Yes,No,No,Yes,Yes,Yes,Yes,No,No,No
170.pdf,Complete,No,Yes,No,No,Yes,No,No,No,No,No,No,Yes,No,No,No,Yes,No,Yes,No,Yes,No,Yes,No,No,Yes,No,No,No
97.pdf,Complete,Yes,Yes,No,Yes,Yes,No,Yes,Yes,No,Yes,No,Yes,No,Yes,Yes,No,Yes,No,Yes,Yes,No,Yes,No,No,Yes,No,No,No
137.pdf,Complete,No,Yes,No,No,No,Yes,Yes,No,No,No,No,Yes,No,No,No,No,No,No,Yes,Yes,No,Yes,No,No,Yes,No,No,No
175.pdf,Complete,No,Yes,No,No,No,No,No,No,No,No,No,Yes,No,No,No,No,No,No,No,No,No,Yes,No,No,Yes,No,No,No
100.pdf,Complete,No,Yes,No,No,No,No,Yes,No,No,No,No,Yes,Yes,No,Yes,Yes,Yes,Yes,Yes,Yes,No,Yes,No,Yes,No,No,No,No
168.pdf,Complete,No,Yes,No,No,No,No,Yes,No,No,No,No,Yes,No,No,Yes,No,No,No,No,No,No,Yes,No,No,Yes,No,No,No
180.pdf,Complete,No,Yes,No,No,Yes,No,Yes,No,No,No,No,No,No,No,No,Yes,No,Yes,Yes,No,No,Yes,No,No,Yes,No,No,No
7.pdf,Complete,No,Yes,No,No,Yes,No,No,No,No,No,No,Yes,No,No,No,No,No,No,No,No,No,No,No,No,Yes,No,No,No
147.pdf,Complete,No,Yes,No,No,No,No,No,No,No,No,No,Yes,No,Yes,Yes,No,No,No,No,Yes,No,Yes,No,No,Yes,No,No,No
185.pdf,Complete,No,Yes,No,No,No,No,No,No,No,No,No,Yes,Yes,No,Yes,No,Yes,No,Yes,Yes,No,Yes,Yes,No,Yes,Yes,No,No
103.pdf,Complete,No,Yes,No,Yes,Yes,No,Yes,No,No,No,No,Yes,No,No,No,No,No,No,Yes,No,No,Yes,No,No,Yes,No,No,No
3.pdf,Complete,Yes,Yes,No,No,Yes,Yes,No,No,No,No,Yes,Yes,No,No,No,No,No,Yes,Yes,No,No,Yes,No,No,Yes,No,No,No
169.pdf,Complete,Yes,Yes,No,No,Yes,No,No,No,Yes,No,No,Yes,No,No,Yes,No,No,No,Yes,No,No,Yes,No,No,Yes,No,No,No
24.pdf,Complete,Yes,Yes,No,No,No,Yes,No,No,No,No,No,Yes,No,No,No,No,No,No,No,No,No,No,No,No,Yes,No,No,No
113.pdf,Complete,No,Yes,No,No,Yes,Yes,No,No,No,No,No,Yes,No,No,Yes,No,No,No,No,No,No,Yes,No,No,No,No,No,No
20.pdf,Complete,No,Yes,Yes,No,Yes,No,No,No,No,No,No,Yes,Yes,No,Yes,Yes,Yes,No,No,Yes,Yes,Yes,No,No,Yes,No,No,No
9.pdf,Complete,No,Yes,Yes,No,Yes,Yes,No,No,No,No,No,Yes,No,No,Yes,No,Yes,No,No,No,No,Yes,No,No,Yes,No,No,No
43.pdf,Complete,No,Yes,No,Yes,Yes,Yes,Yes,No,No,No,No,Yes,Yes,No,Yes,No,Yes,No,Yes,No,No,Yes,No,No,Yes,No,No,No
167.pdf,Complete,No,Yes,No,No,No,Yes,No,No,No,No,No,Yes,No,No,Yes,No,Yes,No,No,No,No,No,Yes,No,Yes,Yes,No,No
111.pdf,Complete,No,No,No,No,Yes,No,No,No,No,No,No,Yes,No,Yes,No,Yes,Yes,Yes,No,No,No,Yes,No,Yes,Yes,No,No,No
130.pdf,Complete,Yes,Yes,No,Yes,Yes,No,Yes,Yes,Yes,No,Yes,Yes,Yes,No,No,No,Yes,Yes,No,No,No,Yes,Yes,No,Yes,Yes,No,No
34.pdf,Complete,Yes,Yes,No,No,No,No,Yes,No,No,No,No,Yes,Yes,No,Yes,No,Yes,No,Yes,Yes,No,Yes,Yes,No,Yes,No,No,No
71.pdf,Complete,No,Yes,No,Yes,No,No,No,No,No,No,No,Yes,Yes,No,No,No,Yes,No,Yes,Yes,No,Yes,No,No,Yes,No,No,No
25.pdf,Complete,Yes,Yes,No,No,Yes,No,No,Yes,Yes,Yes,Yes,Yes,No,No,No,No,No,No,No,No,No,No,No,No,Yes,No,No,No
62.pdf,Complete,No,No,No,No,No,Yes,No,No,No,No,No,Yes,No,No,No,No,No,No,Yes,Yes,No,No,No,No,Yes,No,No,No
5.pdf,Complete,No,Yes,No,No,No,No,No,No,No,No,No,Yes,No,Yes,Yes,Yes,No,Yes,Yes,Yes,No,Yes,No,No,Yes,No,No,No
16.pdf,Complete,Yes,Yes,No,No,No,No,No,No,No,No,No,Yes,Yes,No,Yes,Yes,Yes,Yes,Yes,Yes,Yes,Yes,Yes,No,Yes,No,No,No
184.pdf,Complete,No,Yes,Yes,Yes,No,No,No,No,No,No,No,Yes,Yes,No,No,No,Yes,Yes,No,No,No,Yes,No,No,Yes,No,No,No
12.pdf,Complete,No,Yes,No,Yes,No,No,Yes,No,No,No,No,Yes,Yes,No,No,No,Yes,No,No,Yes,No,Yes,Yes,No,Yes,No,No,No
53.pdf,Complete,No,Yes,Yes,No,Yes,No,Yes,Yes,No,Yes,No,Yes,No,No,No,No,No,Yes,No,No,Yes,Yes,Yes,No,Yes,No,No,No
177.pdf,Complete,No,Yes,No,No,Yes,No,Yes,No,No,No,No,Yes,Yes,Yes,Yes,No,No,Yes,No,No,No,Yes,No,No,Yes,No,No,No
102.pdf,Complete,No,Yes,No,No,Yes,No,Yes,No,No,No,No,Yes,Yes,No,Yes,No,No,Yes,No,Yes,No,Yes,No,No,Yes,No,No,No
44.pdf,Complete,No,Yes,No,Yes,Yes,No,No,No,No,No,No,Yes,No,No,Yes,Yes,No,Yes,No,No,No,Yes,No,No,Yes,No,No,No
121.pdf,Complete,No,Yes,No,No,Yes,No,Yes,No,No,No,No,Yes,Yes,No,Yes,No,Yes,No,Yes,No,No,Yes,No,No,Yes,No,Yes,No
189.pdf,Complete,Yes,Yes,Yes,Yes,Yes,No,No,No,No,No,No,Yes,Yes,No,No,No,No,Yes,Yes,Yes,No,Yes,No,No,Yes,No,No,No
81.pdf,Complete,No,Yes,No,No,No,Yes,No,No,No,No,No,Yes,No,No,No,No,Yes,No,No,No,No,Yes,No,No,Yes,No,No,No
114.pdf,Complete,No,Yes,No,Yes,No,No,No,No,No,No,No,Yes,No,No,Yes,Yes,No,No,No,Yes,No,Yes,No,No,Yes,No,No,No
63.pdf,Complete,Yes,Yes,No,Yes,Yes,No,Yes,No,No,No,No,Yes,Yes,No,Yes,Yes,No,Yes,No,Yes,No,Yes,Yes,No,Yes,No,No,No
13.pdf,Complete,Yes,Yes,No,No,Yes,No,No,No,No,No,No,Yes,Yes,No,No,No,Yes,Yes,Yes,No,No,Yes,No,No,Yes,No,No,No
54.pdf,Complete,No,Yes,No,Yes,No,No,Yes,No,No,No,No,Yes,Yes,Yes,Yes,No,No,Yes,No,Yes,No,Yes,Yes,No,Yes,No,No,No
91.pdf,Complete,No,Yes,No,Yes,Yes,Yes,Yes,No,No,No,No,Yes,No,No,No,No,No,No,No,No,No,Yes,Yes,No,Yes,No,No,No
131.pdf,Complete,No,Yes,No,No,No,No,Yes,No,No,No,No,Yes,No,No,No,No,No,No,No,Yes,Yes,Yes,Yes,No,Yes,No,No,No
150.pdf,Complete,No,Yes,No,No,Yes,No,Yes,No,No,No,No,Yes,Yes,No,Yes,No,No,No,No,No,No,Yes,No,No,Yes,No,No,No
45.pdf,Complete,No,Yes,No,No,No,No,Yes,No,No,No,No,No,Yes,No,Yes,Yes,Yes,Yes,Yes,Yes,No,Yes,No,No,Yes,No,No,No
82.pdf,Complete,No,Yes,No,No,Yes,No,Yes,Yes,No,No,No,Yes,Yes,No,No,No,Yes,Yes,Yes,No,No,Yes,No,No,Yes,No,No,No
117.pdf,Complete,Yes,Yes,Yes,No,Yes,No,No,Yes,Yes,Yes,Yes,Yes,No,No,Yes,No,No,No,No,Yes,Yes,No,No,No,Yes,No,No,No
27.pdf,Complete,No,No,No,No,No,Yes,No,No,No,No,No,No,No,No,No,No,Yes,No,No,No,No,No,No,Yes,No,No,No,No
64.pdf,Complete,Yes,Yes,No,Yes,Yes,Yes,No,Yes,No,Yes,No,Yes,Yes,No,Yes,No,No,No,Yes,Yes,No,Yes,Yes,No,Yes,No,No,No
18.pdf,Complete,No,Yes,Yes,Yes,Yes,Yes,No,No,Yes,No,No,Yes,No,No,No,Yes,No,No,No,No,No,Yes,No,No,Yes,No,No,No
14.pdf,Complete,Yes,Yes,No,No,No,No,No,No,No,No,Yes,Yes,No,No,No,No,Yes,No,No,No,No,No,No,Yes,Yes,No,Yes,Yes
141.pdf,Complete,Yes,Yes,No,No,Yes,No,No,No,No,No,No,Yes,No,No,No,No,Yes,No,Yes,Yes,No,Yes,Yes,No,Yes,No,No,No
92.pdf,Complete,No,Yes,Yes,No,No,No,No,No,No,No,No,Yes,No,No,No,No,No,No,No,Yes,No,Yes,No,No,Yes,No,No,No
46.pdf,Complete,No,Yes,No,No,No,No,No,No,No,No,No,Yes,No,No,No,No,No,No,No,No,No,Yes,No,No,Yes,No,No,No
108.pdf,Complete,No,Yes,No,No,Yes,No,No,No,No,No,No,Yes,No,No,Yes,Yes,Yes,Yes,No,Yes,No,Yes,No,No,Yes,No,No,No
42.pdf,Complete,Yes,Yes,Yes,Yes,Yes,No,No,No,No,No,No,Yes,Yes,No,Yes,Yes,No,No,No,No,No,Yes,No,No,Yes,No,No,No
127.pdf,Complete,Yes,Yes,No,No,Yes,Yes,No,No,No,No,No,Yes,No,No,No,No,No,No,No,No,Yes,Yes,No,No,Yes,No,No,No
83.pdf,Complete,No,Yes,No,No,Yes,No,No,No,No,No,No,Yes,Yes,No,Yes,No,No,No,No,No,No,Yes,No,No,Yes,No,No,No
37.pdf,Complete,No,Yes,No,Yes,Yes,No,Yes,No,No,No,No,Yes,Yes,No,Yes,Yes,Yes,Yes,Yes,No,No,Yes,Yes,No,Yes,No,No,No
33.pdf,Complete,Yes,Yes,No,Yes,Yes,No,No,No,No,No,No,Yes,No,No,No,No,No,No,No,No,Yes,Yes,No,No,Yes,No,No,No
28.pdf,Complete,No,Yes,No,No,Yes,Yes,No,No,No,No,No,Yes,No,Yes,Yes,No,No,No,No,No,No,Yes,No,No,Yes,No,No,No
65.pdf,Complete,No,Yes,No,Yes,No,No,Yes,No,No,No,No,Yes,No,No,Yes,No,No,No,Yes,Yes,No,Yes,Yes,No,Yes,No,No,No
61.pdf,Complete,No,Yes,No,Yes,Yes,Yes,No,No,No,No,No,Yes,Yes,No,No,No,No,Yes,No,Yes,No,Yes,No,No,Yes,No,No,No
151.pdf,Complete,No,Yes,No,No,Yes,No,No,No,Yes,No,No,Yes,No,Yes,No,Yes,No,Yes,Yes,Yes,No,No,No,No,Yes,No,No,No
19.pdf,Complete,Yes,Yes,No,No,No,No,Yes,No,No,No,No,Yes,Yes,Yes,Yes,No,No,No,Yes,No,Yes,Yes,No,No,Yes,Yes,No,No
125.pdf,Complete,No,Yes,No,Yes,No,Yes,Yes,No,No,No,No,Yes,No,No,No,No,No,No,No,Yes,No,Yes,No,No,No,No,No,No
56.pdf,Complete,Yes,Yes,No,No,No,No,Yes,No,No,No,No,Yes,No,No,No,No,No,No,No,No,No,No,No,No,Yes,No,No,No
52.pdf,Complete,No,Yes,No,No,Yes,Yes,No,No,No,No,No,Yes,No,No,No,No,No,No,No,No,No,Yes,No,No,Yes,No,No,No
118.pdf,Complete,No,Yes,No,No,No,No,No,Yes,No,No,No,Yes,No,No,Yes,No,No,No,Yes,Yes,No,Yes,No,No,No,No,No,No
47.pdf,Complete,No,Yes,No,No,No,No,Yes,Yes,No,Yes,Yes,No,No,No,No,Yes,No,Yes,Yes,No,No,Yes,Yes,Yes,Yes,No,No,No
88.pdf,Complete,No,Yes,No,No,Yes,No,No,No,No,No,No,Yes,Yes,No,Yes,Yes,Yes,Yes,No,No,No,Yes,No,No,Yes,No,No,No
84.pdf,Complete,No,Yes,No,No,No,No,No,No,No,No,No,No,No,Yes,No,No,No,No,No,No,No,Yes,No,No,Yes,No,No,Yes
8.pdf,Complete,No,Yes,Yes,No,Yes,No,No,Yes,No,No,No,Yes,Yes,No,No,No,No,No,Yes,Yes,No,Yes,Yes,No,Yes,No,No,No
38.pdf,Complete,Yes,Yes,No,No,Yes,No,No,No,No,No,No,Yes,No,No,No,No,No,No,No,Yes,No,Yes,No,No,Yes,No,No,No
79.pdf,Complete,No,Yes,No,No,No,No,Yes,No,No,Yes,No,Yes,No,No,No,Yes,No,Yes,No,No,Yes,Yes,Yes,No,Yes,No,No,No
75.pdf,Complete,No,Yes,No,No,Yes,No,No,No,No,No,No,Yes,No,No,Yes,No,No,No,No,No,No,Yes,No,No,Yes,No,No,No
142.pdf,Complete,Yes,Yes,No,No,Yes,No,No,Yes,No,Yes,Yes,Yes,No,No,No,No,No,No,No,No,No,No,No,No,Yes,Yes,No,No
66.pdf,Complete,Yes,Yes,No,No,No,No,No,No,Yes,No,Yes,No,No,Yes,No,No,No,No,Yes,No,No,No,No,No,Yes,No,No,No
116.pdf,Complete,No,Yes,No,Yes,No,Yes,Yes,No,No,No,No,Yes,No,No,No,No,No,No,No,No,No,Yes,No,No,Yes,Yes,No,No
128.pdf,Complete,No,Yes,No,No,No,Yes,No,No,No,No,No,Yes,Yes,No,No,No,Yes,No,Yes,No,No,Yes,No,No,Yes,No,No,No
39.pdf,Complete,No,Yes,Yes,Yes,Yes,No,Yes,No,No,No,No,Yes,Yes,No,Yes,No,Yes,No,Yes,No,No,Yes,No,No,Yes,No,No,No
133.pdf,Complete,No,Yes,No,No,No,No,Yes,Yes,No,No,No,Yes,No,No,No,Yes,No,Yes,No,No,No,Yes,No,No,Yes,No,No,No
152.pdf,Complete,Yes,Yes,No,No,No,Yes,No,No,No,No,No,Yes,No,No,Yes,No,No,No,No,No,No,Yes,No,No,Yes,No,No,No
145.pdf,Complete,No,Yes,No,Yes,No,No,No,No,No,No,No,Yes,Yes,No,Yes,No,No,No,Yes,Yes,No,Yes,No,No,Yes,No,No,No
67.pdf,Complete,Yes,Yes,No,Yes,Yes,No,No,No,No,No,No,Yes,Yes,No,Yes,No,No,No,No,No,No,Yes,No,No,Yes,No,No,No
119.pdf,Complete,No,Yes,No,No,Yes,No,No,No,No,No,No,Yes,Yes,Yes,No,No,Yes,No,Yes,No,No,Yes,No,No,Yes,No,No,No
138.pdf,Complete,No,Yes,No,No,No,Yes,No,No,No,No,No,Yes,No,No,No,No,No,No,No,No,No,Yes,Yes,No,No,No,No,No
58.pdf,Complete,No,Yes,No,No,No,No,Yes,No,No,No,No,Yes,Yes,No,Yes,No,No,No,No,No,Yes,Yes,Yes,No,Yes,Yes,No,No
99.pdf,Complete,No,Yes,No,Yes,Yes,Yes,No,No,No,No,No,Yes,Yes,No,Yes,No,Yes,No,No,No,No,Yes,Yes,No,Yes,No,No,No
95.pdf,Complete,No,Yes,No,Yes,Yes,Yes,Yes,No,No,No,No,Yes,Yes,No,Yes,Yes,No,Yes,Yes,No,No,Yes,No,No,Yes,No,No,No
162.pdf,Complete,No,Yes,Yes,No,Yes,Yes,No,No,No,No,No,Yes,No,No,No,No,No,Yes,No,No,No,Yes,No,No,Yes,No,No,No
129.pdf,Complete,No,Yes,No,No,No,No,No,No,No,No,No,Yes,Yes,No,No,No,No,No,Yes,Yes,No,Yes,No,No,Yes,No,No,No
160.pdf,Complete,Yes,Yes,No,Yes,Yes,No,No,No,No,No,No,Yes,No,Yes,Yes,No,No,No,No,No,Yes,Yes,No,No,Yes,No,No,No
96.pdf,Complete,Yes,Yes,No,No,Yes,No,No,No,No,No,No,Yes,Yes,No,No,No,No,No,No,Yes,Yes,Yes,No,No,Yes,No,No,Yes
1.pdf,Complete,Yes,Yes,No,No,No,No,No,No,No,No,No,No,No,No,Yes,Yes,No,No,No,No,No,No,No,No,Yes,No,No,No
